teamId	teamName	positionGroup	playerId	name	Wk 1	Wk 1 pct	total
ARI	Arizona Cardinals	Quarterback	BrisJa00	Jacoby Brissett	75	100	75
ARI	Arizona Cardinals	Running Back	AllgTy00	Tyler Allgeier	44	59	44
ARI	Arizona Cardinals	Running Back	LoveJe01	Jeremiyah Love	32	43	32
ARI	Arizona Cardinals	Running Back	KnigZo00	Bam Knight	3	4	3
ARI	Arizona Cardinals	Wide Receiver	WilsMi01	Michael Wilson	64	85	64
ARI	Arizona Cardinals	Wide Receiver	HarrMa05	Marvin Harrison Jr.	59	79	59
ARI	Arizona Cardinals	Wide Receiver	BourKe00	Kendrick Bourne	50	67	50
ARI	Arizona Cardinals	Wide Receiver	FehoSi00	Simi Fehoko	6	8	6
ARI	Arizona Cardinals	Wide Receiver	BrooJa02	Jalen Brooks	4	5	4
ARI	Arizona Cardinals	Wide Receiver	DuveDe00	Devin Duvernay	0	0	0
ARI	Arizona Cardinals	Tight End	McBrTr01	Trey McBride	60	80	60
ARI	Arizona Cardinals	Tight End	LongHu00	Hunter Long	26	35	26
ARI	Arizona Cardinals	Tight End	HiggEl00	Elijah Higgins	20	27	20
ARI	Arizona Cardinals	Defensive Tackle	NoleWa99	Walter Nolen III	36	65	36
ARI	Arizona Cardinals	Defensive Tackle	StilDa97	Dante Stills	32	58	32
ARI	Arizona Cardinals	Defensive Tackle	LopeRo99	Roy Lopez	26	47	26
ARI	Arizona Cardinals	Defensive Tackle	CollL.99	L.J. Collier	19	35	19
ARI	Arizona Cardinals	Defensive Tackle	RobiDa96	Darius Robinson	19	35	19
ARI	Arizona Cardinals	Defensive End	SweaJo99	Josh Sweat	29	53	29
ARI	Arizona Cardinals	Defensive End	BrowBa98	Baron Browning	27	49	27
ARI	Arizona Cardinals	Defensive End	CollZa99	Zaven Collins	27	49	27
ARI	Arizona Cardinals	Defensive End	BurcJo99	Jordan Burch	21	38	21
ARI	Arizona Cardinals	Linebacker	WilsMa98	Mack Wilson Sr.	55	100	55
ARI	Arizona Cardinals	Linebacker	GibbJa99	Jack Gibbens	54	98	54
ARI	Arizona Cardinals	Linebacker	LeotEk00	Eku Leota	8	15	8
ARI	Arizona Cardinals	Linebacker	SharKa99	Karson Sharar	0	0	0
ARI	Arizona Cardinals	Linebacker	SimoCo98	Cody Simon	0	0	0
ARI	Arizona Cardinals	Cornerback	JohnWi98	Will Johnson	53	96	53
ARI	Arizona Cardinals	Cornerback	BurkDe99	Denzel Burke	44	80	44
ARI	Arizona Cardinals	Cornerback	MeltMa99	Max Melton	24	44	24
ARI	Arizona Cardinals	Cornerback	ClarKe98	Kei'Trel Clark	9	16	9
ARI	Arizona Cardinals	Cornerback	KingKa99	Kalen King	5	9	5
ARI	Arizona Cardinals	Cornerback	WillWy99	Wydett Williams Jr.	0	0	0
ARI	Arizona Cardinals	Safety	BakeBu99	Budda Baker	55	100	55
ARI	Arizona Cardinals	Safety	WingAn99	Andrew Wingard	55	100	55
ARI	Arizona Cardinals	Safety	CrawKi99	Kitan Crawford	7	13	7
ATL	Atlanta Falcons	Quarterback	RushCo00	Cooper Rush	60	100	60
ATL	Atlanta Falcons	Running Back	RobiBi01	Bijan Robinson	46	77	46
ATL	Atlanta Falcons	Running Back	RobiBr01	Brian Robinson Jr	15	25	15
ATL	Atlanta Falcons	Wide Receiver	LondDr00	Drake London	59	98	59
ATL	Atlanta Falcons	Wide Receiver	DotsJa00	Jahan Dotson	38	63	38
ATL	Atlanta Falcons	Wide Receiver	BranZa00	Zachariah Branch	18	30	18
ATL	Atlanta Falcons	Wide Receiver	ZaccOl00	Olamide Zaccheaus	18	30	18
ATL	Atlanta Falcons	Wide Receiver	BlaiCh00	Chris Blair	10	17	10
ATL	Atlanta Falcons	Tight End	PittKy00	Kyle Pitts Sr.	38	63	38
ATL	Atlanta Falcons	Tight End	WoerCh00	Charlie Woerner	37	62	37
ATL	Atlanta Falcons	Tight End	HoopAu00	Austin Hooper	14	23	14
ATL	Atlanta Falcons	Tight End	MuseNi00	Nick Muse	5	8	5
ATL	Atlanta Falcons	Defensive Tackle	DorlBr99	Brandon Dorlus	41	61	41
ATL	Atlanta Falcons	Defensive Tackle	DextGe99	Gervon Dexter Sr	39	58	39
ATL	Atlanta Falcons	Defensive Tackle	SmitMa91	Maason Smith	38	57	38
ATL	Atlanta Falcons	Defensive Tackle	LondLa99	LaCale London	34	51	34
ATL	Atlanta Falcons	Defensive Tackle	HandDa99	Da'Shawn Hand	7	10	7
ATL	Atlanta Falcons	Defensive End	EbukSa99	Samson Ebukam	39	58	39
ATL	Atlanta Falcons	Defensive End	ThomCa96	Cameron Thomas	34	51	34
ATL	Atlanta Falcons	Defensive End	SmitZa99	Za&apos;Darius Smith	16	24	16
ATL	Atlanta Falcons	Defensive End	TricBr99	Bralen Trice	14	21	14
ATL	Atlanta Falcons	Linebacker	DeabDi99	Divine Deablo	67	100	67
ATL	Atlanta Falcons	Linebacker	DaniKe99	Kendal Daniels	45	67	45
ATL	Atlanta Falcons	Linebacker	PerkHa99	Harold Perkins Jr.	23	34	23
ATL	Atlanta Falcons	Linebacker	IveyJa99	Jared Ivey	18	27	18
ATL	Atlanta Falcons	Linebacker	AbduYa99	Yasir Abdullah	2	3	2
ATL	Atlanta Falcons	Linebacker	WoodJo98	Josh Woods	0	0	0
ATL	Atlanta Falcons	Cornerback	HughMi99	Mike Hughes	67	100	67
ATL	Atlanta Falcons	Cornerback	TerrAJ99	A.J. Terrell Jr.	62	93	62
ATL	Atlanta Falcons	Cornerback	TerrAv99	Avieon Terrell	23	34	23
ATL	Atlanta Falcons	Cornerback	HendCJ99	C.J. Henderson	5	7	5
ATL	Atlanta Falcons	Cornerback	FordMi99	Mike Ford Jr	0	0	0
ATL	Atlanta Falcons	Safety	BateJe99	Jessie Bates III	67	100	67
ATL	Atlanta Falcons	Safety	WattXa99	Xavier Watts	67	100	67
ATL	Atlanta Falcons	Safety	BrowSy99	Sydney Brown	29	43	29
ATL	Atlanta Falcons	Safety	HellDe99	DeMarcco Hellams	0	0	0
BAL	Baltimore Ravens	Quarterback	JackLa00	Lamar Jackson	68	100	68
BAL	Baltimore Ravens	Running Back	HenrDe00	Derrick Henry	37	54	37
BAL	Baltimore Ravens	Running Back	HillJu00	Justice Hill	31	46	31
BAL	Baltimore Ravens	Running Back	AlixRa00	Rasheen Ali	0	0	0
BAL	Baltimore Ravens	Wide Receiver	BateRa00	Rashod Bateman	53	78	53
BAL	Baltimore Ravens	Wide Receiver	LaneJa01	Ja'Kobi Lane	27	40	27
BAL	Baltimore Ravens	Wide Receiver	MoorCh00	Chris Moore	25	37	25
BAL	Baltimore Ravens	Wide Receiver	FlowZa00	Zay Flowers	20	29	20
BAL	Baltimore Ravens	Wide Receiver	WestLa00	LaJohntay Wester	20	29	20
BAL	Baltimore Ravens	Tight End	AndrMa00	Mark Andrews	49	72	49
BAL	Baltimore Ravens	Tight End	SmytDu00	Durham Smythe	42	62	42
BAL	Baltimore Ravens	Tight End	HibnMa00	Matt Hibner	23	34	23
BAL	Baltimore Ravens	Tight End	CuevJo00	Josh Cuevas	6	9	6
BAL	Baltimore Ravens	Defensive Tackle	JoneTr99	Travis Jones	31	57	31
BAL	Baltimore Ravens	Defensive Tackle	CampCa99	Calais Campbell	29	54	29
BAL	Baltimore Ravens	Defensive Tackle	WashBr99	Broderick Washington Jr.	21	39	21
BAL	Baltimore Ravens	Defensive Tackle	JenkJo99	John Jenkins	13	24	13
BAL	Baltimore Ravens	Defensive Tackle	PeebAe99	Aeneas Peebles	10	19	10
BAL	Baltimore Ravens	Defensive End	RobiTa99	Tavius Robinson	44	81	44
BAL	Baltimore Ravens	Defensive End	HendTr99	Trey Hendrickson	40	74	40
BAL	Baltimore Ravens	Defensive End	GreeMi97	Mike Green	17	31	17
BAL	Baltimore Ravens	Defensive End	YounZi99	Zion Young	12	22	12
BAL	Baltimore Ravens	Defensive End	BurkEt99	Ethan Burke	0	0	0
BAL	Baltimore Ravens	Linebacker	SmitRo98	Roquan Smith	54	100	54
BAL	Baltimore Ravens	Linebacker	SimpTr99	Trenton Simpson	32	59	32
BAL	Baltimore Ravens	Linebacker	HiggJa99	Jay Higgins IV	0	0	0
BAL	Baltimore Ravens	Linebacker	JoneCa98	Carl Jones Jr.	0	0	0
BAL	Baltimore Ravens	Cornerback	WiggNa99	Nate Wiggins	54	100	54
BAL	Baltimore Ravens	Cornerback	HumpMa99	Marlon Humphrey	48	89	48
BAL	Baltimore Ravens	Cornerback	MartKe99	Keyon Martin	23	43	23
BAL	Baltimore Ravens	Cornerback	AwuzCh99	Chidobe Awuzie	6	11	6
BAL	Baltimore Ravens	Cornerback	TampTJ99	T.J. Tampa Jr.	0	0	0
BAL	Baltimore Ravens	Safety	HamiKy99	Kyle Hamilton	54	100	54
BAL	Baltimore Ravens	Safety	StarMa99	Malaki Starks	54	100	54
BAL	Baltimore Ravens	Safety	HawkJa99	Jaylinn Hawkins	52	96	52
BAL	Baltimore Ravens	Safety	JackKe97	Keondre Jackson	0	0	0
BUF	Buffalo Bills	Quarterback	AlleJo01	Josh Allen	58	100	58
BUF	Buffalo Bills	Running Back	CookJa05	James Cook III	42	72	42
BUF	Buffalo Bills	Running Back	GoreFr01	Frank Gore Jr.	11	19	11
BUF	Buffalo Bills	Running Back	DaviRa02	Ray Davis	5	9	5
BUF	Buffalo Bills	Wide Receiver	MoorDJ00	DJ Moore	44	76	44
BUF	Buffalo Bills	Wide Receiver	ShakKh00	Khalil Shakir	31	53	31
BUF	Buffalo Bills	Wide Receiver	ColeKe01	Keon Coleman	29	50	29
BUF	Buffalo Bills	Wide Receiver	PalmJo01	Joshua Palmer	18	31	18
BUF	Buffalo Bills	Wide Receiver	DortGr00	Greg Dortch	0	0	0
BUF	Buffalo Bills	Tight End	KincDa00	Dalton Kincaid	42	72	42
BUF	Buffalo Bills	Tight End	KnoxDa00	Dawson Knox	39	67	39
BUF	Buffalo Bills	Tight End	HaweJa00	Jackson Hawes	25	43	25
BUF	Buffalo Bills	Tight End	LatuKe00	Keleki Latu	4	7	4
BUF	Buffalo Bills	Defensive Tackle	OlivEd99	Ed Oliver	65	82	65
BUF	Buffalo Bills	Defensive Tackle	WalkDe96	Deone Walker	51	65	51
BUF	Buffalo Bills	Defensive Tackle	CartDe99	DeWayne Carter	18	23	18
BUF	Buffalo Bills	Defensive Tackle	GainGr99	Greg Gaines	14	18	14
BUF	Buffalo Bills	Defensive End	ChubBr99	Bradley Chubb	63	80	63
BUF	Buffalo Bills	Defensive End	RousGr99	Greg Rousseau	63	80	63
BUF	Buffalo Bills	Defensive End	JackLa96	Landon Jackson	29	37	29
BUF	Buffalo Bills	Defensive End	HoecMi99	Michael Hoecht	24	30	24
BUF	Buffalo Bills	Defensive End	ParkTJ99	TJ Parker	14	18	14
BUF	Buffalo Bills	Defensive End	SoloJa99	Javon Solomon	8	10	8
BUF	Buffalo Bills	Linebacker	BernTe99	Terrel Bernard	79	100	79
BUF	Buffalo Bills	Linebacker	WillDo98	Dorian Williams	53	67	53
BUF	Buffalo Bills	Linebacker	ElarKa99	Kaleb Elarms-Orr	8	10	8
BUF	Buffalo Bills	Linebacker	AndrJo99	Joe Andreessen	0	0	0
BUF	Buffalo Bills	Cornerback	BenfCh99	Christian Benford	79	100	79
BUF	Buffalo Bills	Cornerback	HairMa99	Maxwell Hairston	66	84	66
BUF	Buffalo Bills	Cornerback	AlfoDe99	Dee Alford	48	61	48
BUF	Buffalo Bills	Cornerback	IgbiDa99	Davison Igbinosun	11	14	11
BUF	Buffalo Bills	Safety	GardCh99	C.J. Gardner-Johnson	79	100	79
BUF	Buffalo Bills	Safety	BishCo99	Cole Bishop	72	91	72
BUF	Buffalo Bills	Safety	HamlDa99	Damar Hamlin	25	32	25
BUF	Buffalo Bills	Safety	FranSa99	Sam Franklin Jr.	0	0	0
BUF	Buffalo Bills	Safety	HancJo99	Jordan Hancock	0	0	0
CAR	Carolina Panthers	Quarterback	YounBr01	Bryce Young	61	90	61
CAR	Carolina Panthers	Quarterback	PickKe00	Kenny Pickett	7	10	7
CAR	Carolina Panthers	Running Back	HubbCh00	Chuba Hubbard	48	71	48
CAR	Carolina Panthers	Running Back	BrooJo00	Jonathon Brooks	13	19	13
CAR	Carolina Panthers	Running Back	DillA.00	AJ Dillon	7	10	7
CAR	Carolina Panthers	Wide Receiver	CokeJa01	Jalen Coker	57	84	57
CAR	Carolina Panthers	Wide Receiver	McMiTe00	Tetairoa McMillan	56	82	56
CAR	Carolina Panthers	Wide Receiver	LegeXa00	Xavier Legette	36	53	36
CAR	Carolina Panthers	Wide Receiver	HornJi00	Jimmy Horn Jr.	14	21	14
CAR	Carolina Panthers	Wide Receiver	TremBr00	Brycen Tremayne	12	18	12
CAR	Carolina Panthers	Tight End	TremTo00	Tommy Tremble	38	56	38
CAR	Carolina Panthers	Tight End	EvanMi01	Mitchell Evans	27	40	27
CAR	Carolina Panthers	Tight End	WallDa00	Darren Waller	24	35	24
CAR	Carolina Panthers	Tight End	FranFe00	Feleipe Franks	5	7	5
CAR	Carolina Panthers	Defensive Tackle	BrowDe97	Derrick Brown	46	61	46
CAR	Carolina Panthers	Defensive Tackle	BrowBo99	Bobby Brown III	39	52	39
CAR	Carolina Panthers	Defensive Tackle	HallAa99	Aaron Hall	34	45	34
CAR	Carolina Panthers	Defensive Tackle	HuntLe99	Lee Hunter	34	45	34
CAR	Carolina Panthers	Defensive End	PhilJa97	Jaelan Phillips	58	77	58
CAR	Carolina Panthers	Defensive End	GipsTr99	Trevis Gipson	45	60	45
CAR	Carolina Panthers	Defensive End	UmanPr98	Princely Umanmielen	35	47	35
CAR	Carolina Panthers	Defensive End	EdwaTe99	TeRah Edwards	22	29	22
CAR	Carolina Panthers	Linebacker	LloyDe99	Devin Lloyd	74	99	74
CAR	Carolina Panthers	Linebacker	OkerBo99	Bobby Okereke	66	88	66
CAR	Carolina Panthers	Linebacker	MoonJe99	Jeremiah Moon	15	20	15
CAR	Carolina Panthers	Linebacker	IncoTh99	Thomas Incoom	4	5	4
CAR	Carolina Panthers	Linebacker	CherCl99	Claudin Cherelus	1	1	1
CAR	Carolina Panthers	Linebacker	KuwaJa99	Jackson Kuwatch	0	0	0
CAR	Carolina Panthers	Linebacker	SimmIs99	Isaiah Simmons	0	0	0
CAR	Carolina Panthers	Cornerback	HornJa99	Jaycee Horn	75	100	75
CAR	Carolina Panthers	Cornerback	JackMi99	Mike Jackson	75	100	75
CAR	Carolina Panthers	Cornerback	LeeIWi99	Will Lee III	27	36	27
CAR	Carolina Panthers	Cornerback	SmitCh96	Chau Smith-Wade	19	25	19
CAR	Carolina Panthers	Cornerback	EvanAk99	Akayleb Evans	0	0	0
CAR	Carolina Panthers	Safety	MoehTr99	Tre'von Moehrig	75	100	75
CAR	Carolina Panthers	Safety	ScotNi98	Nick Scott	72	96	72
CAR	Carolina Panthers	Safety	RansLa98	Lathan Ransom	9	12	9
CHI	Chicago Bears	Quarterback	WillCa01	Caleb Williams	75	100	75
CHI	Chicago Bears	Running Back	SwifDA00	D&apos;Andre Swift	43	57	43
CHI	Chicago Bears	Running Back	MonaKy00	Kyle Monangai	32	43	32
CHI	Chicago Bears	Running Back	JohnRo07	Roschon Johnson	0	0	0
CHI	Chicago Bears	Wide Receiver	BurdLu00	Luther Burden III	55	73	55
CHI	Chicago Bears	Wide Receiver	RaymKa00	Kalif Raymond	45	60	45
CHI	Chicago Bears	Wide Receiver	OdunRo00	Rome Odunze	36	48	36
CHI	Chicago Bears	Wide Receiver	WalkJa01	Jahdae Walker	34	45	34
CHI	Chicago Bears	Wide Receiver	DaviKa00	Kaden Davis	10	13	10
CHI	Chicago Bears	Wide Receiver	ThomZa01	Zavion Thomas	0	0	0
CHI	Chicago Bears	Tight End	LoveCo00	Colston Loveland	65	87	65
CHI	Chicago Bears	Tight End	KmetCo00	Cole Kmet	43	57	43
CHI	Chicago Bears	Tight End	RousSa00	Sam Roush	12	16	12
CHI	Chicago Bears	Defensive Tackle	JarrGr99	Grady Jarrett	44	65	44
CHI	Chicago Bears	Defensive Tackle	GallNe99	Neville Gallimore	29	43	29
CHI	Chicago Bears	Defensive Tackle	StreKe99	Kentavius Street	29	43	29
CHI	Chicago Bears	Defensive Tackle	LyncJa99	James Lynch	22	32	22
CHI	Chicago Bears	Defensive Tackle	vandJo99	Jordan van den Berg	22	32	22
CHI	Chicago Bears	Defensive End	OdeyDa99	Dayo Odeyingbo	43	63	43
CHI	Chicago Bears	Defensive End	SweaMo99	Montez Sweat	43	63	43
CHI	Chicago Bears	Defensive End	BookAu99	Austin Booker	40	59	40
CHI	Chicago Bears	Defensive End	HardDa99	Daniel Hardy	7	10	7
CHI	Chicago Bears	Linebacker	EdwaTJ99	T.J. Edwards	68	100	68
CHI	Chicago Bears	Linebacker	BushDe97	Devin Bush	65	96	65
CHI	Chicago Bears	Linebacker	JackDM99	D&apos;Marco Jackson	20	29	20
CHI	Chicago Bears	Linebacker	ElliKe95	Keyshaun Elliott	0	0	0
CHI	Chicago Bears	Linebacker	SanbJa99	Jack Sanborn	0	0	0
CHI	Chicago Bears	Cornerback	JohnJa94	Jaylon Johnson	65	96	65
CHI	Chicago Bears	Cornerback	StevTy99	Tyrique Stevenson Sr.	54	79	54
CHI	Chicago Bears	Cornerback	MuhaMa99	Malik Muhammad II	52	76	52
CHI	Chicago Bears	Cornerback	ThomSk98	Skyler Thomas	3	4	3
CHI	Chicago Bears	Cornerback	BlacJo98	Josh Blackwell	0	0	0
CHI	Chicago Bears	Cornerback	PhilCl98	Clark Phillips III	0	0	0
CHI	Chicago Bears	Safety	ThieDi99	Dillon Thieneman	68	100	68
CHI	Chicago Bears	Safety	LewiCa99	Cam Lewis	65	96	65
CHI	Chicago Bears	Safety	HickEl99	Elijah Hicks	9	13	9
CIN	Cincinnati Bengals	Quarterback	BurrJo01	Joe Burrow	64	100	64
CIN	Cincinnati Bengals	Running Back	BrowCh06	Chase Brown	46	72	46
CIN	Cincinnati Bengals	Running Back	PeriSa00	Samaje Perine	18	28	18
CIN	Cincinnati Bengals	Running Back	BrooTa00	Tahj Brooks	2	3	2
CIN	Cincinnati Bengals	Wide Receiver	ChasJa00	Ja&apos;Marr Chase	60	94	60
CIN	Cincinnati Bengals	Wide Receiver	HiggTe00	Tee Higgins	46	72	46
CIN	Cincinnati Bengals	Wide Receiver	IosiAn00	Andrei Iosivas	39	61	39
CIN	Cincinnati Bengals	Wide Receiver	MeyeDo00	Dohnte Meyers	10	16	10
CIN	Cincinnati Bengals	Wide Receiver	YounCo00	Colbie Young	9	14	9
CIN	Cincinnati Bengals	Tight End	SampDr00	Drew Sample	42	66	42
CIN	Cincinnati Bengals	Tight End	GesiMi00	Mike Gesicki	21	33	21
CIN	Cincinnati Bengals	Tight End	AllxEr00	Erick All Jr.	20	31	20
CIN	Cincinnati Bengals	Tight End	HudsTa00	Tanner Hudson	6	9	6
CIN	Cincinnati Bengals	Defensive Tackle	LawrDe96	Dexter Lawrence II	35	61	35
CIN	Cincinnati Bengals	Defensive Tackle	AlleJo99	Jonathan Allen	32	56	32
CIN	Cincinnati Bengals	Defensive Tackle	HillB.99	B.J. Hill	24	42	24
CIN	Cincinnati Bengals	Defensive Tackle	SlatTe99	T.J. Slaton Jr.	21	37	21
CIN	Cincinnati Bengals	Defensive Tackle	JenkKr98	Kris Jenkins Jr.	8	14	8
CIN	Cincinnati Bengals	Defensive End	MafeBo99	Boye Mafe	37	65	37
CIN	Cincinnati Bengals	Defensive End	MurpMy99	Myles Murphy	34	60	34
CIN	Cincinnati Bengals	Defensive End	HoweCa99	Cashius Howell	25	44	25
CIN	Cincinnati Bengals	Defensive End	JohnCe99	Cedric Johnson	19	33	19
CIN	Cincinnati Bengals	Linebacker	CartBa99	Barrett Carter	57	100	57
CIN	Cincinnati Bengals	Linebacker	KnigDe99	Demetrius Knight Jr.	51	89	51
CIN	Cincinnati Bengals	Linebacker	BurkOr99	Oren Burks	3	5	3
CIN	Cincinnati Bengals	Linebacker	BozeSw99	Swayze Bozeman	0	0	0
CIN	Cincinnati Bengals	Linebacker	GileJo99	Joe Giles-Harris	0	0	0
CIN	Cincinnati Bengals	Cornerback	HillDa98	Dax Hill	57	100	57
CIN	Cincinnati Bengals	Cornerback	TurnDJ98	DJ Turner II	56	98	56
CIN	Cincinnati Bengals	Cornerback	DaviJa93	Jalen Davis	45	79	45
CIN	Cincinnati Bengals	Cornerback	IveyDJ99	DJ Ivey	6	11	6
CIN	Cincinnati Bengals	Cornerback	DaviTa98	Tacario Davis	4	7	4
CIN	Cincinnati Bengals	Safety	CookBr99	Bryan Cook	57	100	57
CIN	Cincinnati Bengals	Safety	BattJo99	Jordan Battle	56	98	56
CIN	Cincinnati Bengals	Safety	DuggKy99	Kyle Dugger	0	0	0
CIN	Cincinnati Bengals	Safety	JulePJ99	PJ Jules	0	0	0
CLE	Cleveland Browns	Quarterback	WatsDe00	Deshaun Watson	51	100	51
CLE	Cleveland Browns	Running Back	JudkQu00	Quinshon Judkins	33	65	33
CLE	Cleveland Browns	Running Back	SandRa00	Raheim Sanders	18	35	18
CLE	Cleveland Browns	Running Back	BurtMi00	Michael Burton	6	12	6
CLE	Cleveland Browns	Running Back	SampDy00	Dylan Sampson	0	0	0
CLE	Cleveland Browns	Wide Receiver	BostDe00	Denzel Boston	47	92	47
CLE	Cleveland Browns	Wide Receiver	ConcKC00	KC Concepcion Jr.	35	69	35
CLE	Cleveland Browns	Wide Receiver	JeudJe00	Jerry Jeudy	32	63	32
CLE	Cleveland Browns	Wide Receiver	WallTy00	Tylan Wallace	15	29	15
CLE	Cleveland Browns	Wide Receiver	BondIs00	Isaiah Bond	7	14	7
CLE	Cleveland Browns	Wide Receiver	CorlMa00	Malachi Corley	0	0	0
CLE	Cleveland Browns	Tight End	FannHa00	Harold Fannin Jr.	42	82	42
CLE	Cleveland Browns	Tight End	WhitBl01	Blake Whiteheart	20	39	20
CLE	Cleveland Browns	Tight End	RyanCa00	Carsen Ryan	0	0	0
CLE	Cleveland Browns	Defensive Tackle	GrahMa99	Mason Graham	34	60	34
CLE	Cleveland Browns	Defensive Tackle	HallMi99	Mike Hall Jr.	29	51	29
CLE	Cleveland Browns	Defensive Tackle	CollMa99	Maliek Collins	22	39	22
CLE	Cleveland Browns	Defensive End	McGuIs99	Isaiah McGuire	37	65	37
CLE	Cleveland Browns	Defensive End	VersJa99	Jared Verse	37	65	37
CLE	Cleveland Browns	Defensive End	HuntAd99	Adin Huntington	29	51	29
CLE	Cleveland Browns	Defensive End	WillSa98	Sam Williams	23	40	23
CLE	Cleveland Browns	Defensive End	BarnDe98	Derek Barnett	17	30	17
CLE	Cleveland Browns	Linebacker	SchwCa99	Carson Schwesinger	57	100	57
CLE	Cleveland Browns	Linebacker	WillQu97	Quincy Williams	55	96	55
CLE	Cleveland Browns	Linebacker	MascEa99	Easton Mascarenas-Arnold	19	33	19
CLE	Cleveland Browns	Linebacker	ReidWi99	Winston Reid	1	2	1
CLE	Cleveland Browns	Linebacker	WatsNa99	Nathaniel Watson	0	0	0
CLE	Cleveland Browns	Cornerback	CampTy99	Tyson Campbell	57	100	57
CLE	Cleveland Browns	Cornerback	WardDe99	Denzel Ward	57	100	57
CLE	Cleveland Browns	Cornerback	HardMy99	Myles Harden	25	44	25
CLE	Cleveland Browns	Cornerback	BlacMe99	Mekhi Blackmon	0	0	0
CLE	Cleveland Browns	Safety	DelpGr99	Grant Delpit	57	100	57
CLE	Cleveland Browns	Safety	HickRo99	Ronnie Hickman	57	100	57
CLE	Cleveland Browns	Safety	McNeEm99	Emmanuel McNeil-Warren	14	25	14
CLE	Cleveland Browns	Safety	McMiDo99	Donovan McMillon	0	0	0
DAL	Dallas Cowboys	Quarterback	PresDa01	Dak Prescott	58	100	58
DAL	Dallas Cowboys	Running Back	WillJa08	Javonte Williams	41	71	41
DAL	Dallas Cowboys	Running Back	LuepHu01	Hunter Luepke	15	26	15
DAL	Dallas Cowboys	Running Back	DemeEm00	Emari Demercado	5	9	5
DAL	Dallas Cowboys	Wide Receiver	PickGe00	George Pickens	49	84	49
DAL	Dallas Cowboys	Wide Receiver	LambCe00	CeeDee Lamb	47	81	47
DAL	Dallas Cowboys	Wide Receiver	FlouRy00	Ryan Flournoy	41	71	41
DAL	Dallas Cowboys	Wide Receiver	MingJo00	Jonathan Mingo	11	19	11
DAL	Dallas Cowboys	Wide Receiver	TurpKa00	KaVontae Turpin	8	14	8
DAL	Dallas Cowboys	Tight End	FergJa01	Jake Ferguson	44	76	44
DAL	Dallas Cowboys	Tight End	SchoLu00	Luke Schoonmaker	13	22	13
DAL	Dallas Cowboys	Tight End	SpanBr00	Brevyn Spann-Ford	13	22	13
DAL	Dallas Cowboys	Defensive Tackle	WillQu98	Quinnen Williams	53	77	53
DAL	Dallas Cowboys	Defensive Tackle	ClarKe99	Kenny Clark	50	72	50
DAL	Dallas Cowboys	Defensive Tackle	OgboOt99	Otito Ogbonnia	40	58	40
DAL	Dallas Cowboys	Defensive Tackle	BullJo98	Jonathan Bullard	29	42	29
DAL	Dallas Cowboys	Defensive End	EzeiDo99	Donovan Ezeiruaku	42	61	42
DAL	Dallas Cowboys	Defensive End	GaryRa99	Rashan Gary	41	59	41
DAL	Dallas Cowboys	Defensive End	LawrMa98	Malachi Lawrence	30	43	30
DAL	Dallas Cowboys	Defensive End	OverLT99	LT Overton	18	26	18
DAL	Dallas Cowboys	Defensive End	MillVo99	Von Miller	11	16	11
DAL	Dallas Cowboys	Defensive End	HousJa99	James Houston IV	10	14	10
DAL	Dallas Cowboys	Defensive End	WheaTy99	Tyrus Wheat	0	0	0
DAL	Dallas Cowboys	Linebacker	OverDe99	DeMarvion Overshown	51	74	51
DAL	Dallas Cowboys	Linebacker	WintDe98	Dee Winters	40	58	40
DAL	Dallas Cowboys	Linebacker	BarhJa99	Jaishawn Barham	34	49	34
DAL	Dallas Cowboys	Linebacker	JameSh99	Shemar James	1	1	1
DAL	Dallas Cowboys	Cornerback	BlanDa99	DaRon Bland	69	100	69
DAL	Dallas Cowboys	Cornerback	DuraDe98	Cobie Durant	50	72	50
DAL	Dallas Cowboys	Cornerback	ReveSh99	Shavon Revel Jr.	20	29	20
DAL	Dallas Cowboys	Cornerback	SpeeAm99	Ameer Speed	0	0	0
DAL	Dallas Cowboys	Safety	ThomJa98	Jalen Thompson	69	100	69
DAL	Dallas Cowboys	Safety	DownCa99	Caleb Downs	61	88	61
DAL	Dallas Cowboys	Safety	LockP.99	P.J. Locke	28	41	28
DAL	Dallas Cowboys	Safety	HookMa99	Malik Hooker	12	17	12
DAL	Dallas Cowboys	Safety	BellMa96	Markquese Bell	0	0	0
DAL	Dallas Cowboys	Safety	ClarAl99	Alijah Clark	0	0	0
DEN	Denver Broncos	Quarterback	NixxBo00	Bo Nix	51	100	51
DEN	Denver Broncos	Running Back	HarvRj00	RJ Harvey	26	51	26
DEN	Denver Broncos	Running Back	DobbJ.00	J.K. Dobbins	22	43	22
DEN	Denver Broncos	Running Back	PrenAd00	Adam Prentice	6	12	6
DEN	Denver Broncos	Running Back	ColeJo00	Jonah Coleman	3	6	3
DEN	Denver Broncos	Wide Receiver	SuttCo00	Courtland Sutton	39	76	39
DEN	Denver Broncos	Wide Receiver	WaddJa00	Jaylen Waddle	38	75	38
DEN	Denver Broncos	Wide Receiver	BryaPa00	Pat Bryant	30	59	30
DEN	Denver Broncos	Wide Receiver	FranTr00	Troy Franklin	17	33	17
DEN	Denver Broncos	Wide Receiver	MimsMa00	Marvin Mims Jr.	9	18	9
DEN	Denver Broncos	Tight End	EngrEv00	Evan Engram	32	63	32
DEN	Denver Broncos	Tight End	TrauAd00	Adam Trautman	19	37	19
DEN	Denver Broncos	Tight End	AdkiNa00	Nate Adkins	13	25	13
DEN	Denver Broncos	Defensive Tackle	AlleZa99	Zach Allen	42	61	42
DEN	Denver Broncos	Defensive Tackle	UwazEy99	Eyioma Uwazurike	41	59	41
DEN	Denver Broncos	Defensive Tackle	JoneDJ99	D.J. Jones	39	57	39
DEN	Denver Broncos	Defensive Tackle	RoacMa99	Malcolm Roach	32	46	32
DEN	Denver Broncos	Defensive Tackle	JoneSa99	Sai'vion Jones	15	22	15
DEN	Denver Broncos	Defensive End	ElliJo98	Jonah Elliss	40	58	40
DEN	Denver Broncos	Defensive End	BoniNi99	Nik Bonitto	36	52	36
DEN	Denver Broncos	Defensive End	TillDo99	Dondrea Tillman	32	46	32
DEN	Denver Broncos	Linebacker	SingAl98	Alex Singleton	68	99	68
DEN	Denver Broncos	Linebacker	StrnJu99	Justin Strnad	55	80	55
DEN	Denver Broncos	Linebacker	RobiQu99	Que Robinson	32	46	32
DEN	Denver Broncos	Linebacker	TurnJo99	Jordan Turner	2	3	2
DEN	Denver Broncos	Linebacker	ReidKa99	Karene Reid	0	0	0
DEN	Denver Broncos	Cornerback	MossRi99	Riley Moss	69	100	69
DEN	Denver Broncos	Cornerback	SurtPa98	Patrick Surtain II	69	100	69
DEN	Denver Broncos	Cornerback	McMiJa98	Ja'Quan McMillian	49	71	49
DEN	Denver Broncos	Cornerback	BarrJa99	Jahdae Barron	4	6	4
DEN	Denver Broncos	Cornerback	AbraKr99	Kris Abrams-Draine	0	0	0
DEN	Denver Broncos	Cornerback	SkinJL98	JL Skinner	0	0	0
DEN	Denver Broncos	Safety	HufaTa99	Talanoa Hufanga	69	100	69
DEN	Denver Broncos	Safety	JoneBr97	Brandon Jones	65	94	65
DEN	Denver Broncos	Safety	AndeTy99	Tycen Anderson	0	0	0
DEN	Denver Broncos	Safety	KeyxDe99	Devon Key	0	0	0
DET	Detroit Lions	Quarterback	GoffJa00	Jared Goff	77	100	77
DET	Detroit Lions	Running Back	GibbJa00	Jahmyr Gibbs	57	74	57
DET	Detroit Lions	Running Back	VakiSi99	Sione Vaki	22	29	22
DET	Detroit Lions	Running Back	SaylJa00	Jacob Saylors	0	0	0
DET	Detroit Lions	Wide Receiver	StBrAm00	Amon-Ra St. Brown	69	90	69
DET	Detroit Lions	Wide Receiver	WillJa09	Jameson Williams	65	84	65
DET	Detroit Lions	Wide Receiver	TeSlIs00	Isaac TeSlaa	52	68	52
DET	Detroit Lions	Wide Receiver	KennTo01	Tom Kennedy	0	0	0
DET	Detroit Lions	Wide Receiver	LoveDo00	Dominic Lovett	0	0	0
DET	Detroit Lions	Wide Receiver	MartTa00	Tay Martin	0	0	0
DET	Detroit Lions	Tight End	LapoSa00	Sam LaPorta	62	81	62
DET	Detroit Lions	Tight End	WrigBr00	Brock Wright	39	51	39
DET	Detroit Lions	Tight End	ConkTy00	Tyler Conklin	10	13	10
DET	Detroit Lions	Tight End	MeekJa00	Jackson Meeks	0	0	0
DET	Detroit Lions	Defensive Tackle	McNeAl99	Alim McNeill	83	92	83
DET	Detroit Lions	Defensive Tackle	GillSk99	Skyler Gill-Howard	47	52	47
DET	Detroit Lions	Defensive Tackle	WillTy98	Tyleik Williams	35	39	35
DET	Detroit Lions	Defensive Tackle	LacyTy99	Tyler Lacy	15	17	15
DET	Detroit Lions	Defensive End	HutcAi99	Aidan Hutchinson	75	83	75
DET	Detroit Lions	Defensive End	WonnDJ99	D.J. Wonnum	69	77	69
DET	Detroit Lions	Defensive End	MoorDe99	Derrick Moore	18	20	18
DET	Detroit Lions	Defensive End	StilBe98	Ben Stille	9	10	9
DET	Detroit Lions	Defensive End	ONeiEr99	Eric O'Neill	4	4	4
DET	Detroit Lions	Linebacker	CampJa99	Jack Campbell	90	100	90
DET	Detroit Lions	Linebacker	BarnDe97	Derrick Barnes	77	86	77
DET	Detroit Lions	Linebacker	RodrMa99	Malcolm Rodriguez	20	22	20
DET	Detroit Lions	Linebacker	WhitDe98	Devin White	18	20	18
DET	Detroit Lions	Linebacker	NowaTr99	Trevor Nowaske	8	9	8
DET	Detroit Lions	Linebacker	BachJo99	Joe Bachie	0	0	0
DET	Detroit Lions	Cornerback	ReedD.99	D.J. Reed	89	99	89
DET	Detroit Lions	Cornerback	Ya-SRo99	Rock Ya-Sin	89	99	89
DET	Detroit Lions	Cornerback	McCrRo99	Roger McCreary	39	43	39
DET	Detroit Lions	Cornerback	AbneKe99	Keith Abney II	25	28	25
DET	Detroit Lions	Cornerback	DorsKh99	Khalil Dorsey	0	0	0
DET	Detroit Lions	Safety	MaddAv99	Avonte Maddox	85	94	85
DET	Detroit Lions	Safety	HarpTh99	Thomas Harper	54	60	54
DET	Detroit Lions	Safety	ClarCh99	Chuck Clark	41	46	41
GB	Green Bay Packers	Quarterback	LoveJo01	Jordan Love	68	100	68
GB	Green Bay Packers	Running Back	BrooCh01	Chris Brooks	38	56	38
GB	Green Bay Packers	Running Back	LloyMa00	MarShawn Lloyd	30	44	30
GB	Green Bay Packers	Running Back	JohnKa01	Kaleb Johnson	0	0	0
GB	Green Bay Packers	Wide Receiver	GoldMa00	Matthew Golden	56	82	56
GB	Green Bay Packers	Wide Receiver	WatsCh00	Christian Watson	52	76	52
GB	Green Bay Packers	Wide Receiver	ReedJa01	Jayden Reed	39	57	39
GB	Green Bay Packers	Wide Receiver	MeltBo00	Bo Melton	8	12	8
GB	Green Bay Packers	Wide Receiver	MoorSk00	Skyy Moore	4	6	4
GB	Green Bay Packers	Tight End	KrafTu00	Tucker Kraft	45	66	45
GB	Green Bay Packers	Tight End	SmitJo02	Jonnu Smith	32	47	32
GB	Green Bay Packers	Tight End	RedmMa00	Mark Redman	21	31	21
GB	Green Bay Packers	Tight End	WhylJo00	Josh Whyle	11	16	11
GB	Green Bay Packers	Defensive Tackle	BrooKa99	Karl Brooks	37	57	37
GB	Green Bay Packers	Defensive Tackle	WyatDe99	Devonte Wyatt	34	52	34
GB	Green Bay Packers	Defensive Tackle	HargJa99	Javon Hargrave	30	46	30
GB	Green Bay Packers	Defensive Tackle	McClCh99	Chris McClellan	28	43	28
GB	Green Bay Packers	Defensive End	VanNLu99	Lukas Van Ness	43	66	43
GB	Green Bay Packers	Defensive End	SorrBa99	Barryn Sorrell	40	62	40
GB	Green Bay Packers	Defensive End	FordJo98	Jonathan Ford	28	43	28
GB	Green Bay Packers	Defensive End	CoxxBr96	Brenton Cox Jr.	27	42	27
GB	Green Bay Packers	Defensive End	DennDa98	Dani Dennis-Sutton	21	32	21
GB	Green Bay Packers	Linebacker	CoopEd99	Edgerrin Cooper	65	100	65
GB	Green Bay Packers	Linebacker	FranZa99	Zaire Franklin	65	100	65
GB	Green Bay Packers	Linebacker	McDuIs99	Isaiah McDuffie	1	2	1
GB	Green Bay Packers	Linebacker	NiemNi99	Nick Niemann	0	0	0
GB	Green Bay Packers	Linebacker	WelcKr99	Kristian Welch	0	0	0
GB	Green Bay Packers	Cornerback	NixoKe99	Keisean Nixon	65	100	65
GB	Green Bay Packers	Cornerback	CissBr99	Brandon Cisse	49	75	49
GB	Green Bay Packers	Cornerback	ValeCa99	Carrington Valentine	16	25	16
GB	Green Bay Packers	Cornerback	St-JBe99	Benjamin St-Juste	1	2	1
GB	Green Bay Packers	Cornerback	HaddKa99	Kamal Hadden	0	0	0
GB	Green Bay Packers	Safety	McKiXa99	Xavier McKinney	65	100	65
GB	Green Bay Packers	Safety	WillEv99	Evan Williams	65	100	65
GB	Green Bay Packers	Safety	BullJa99	Javon Bullard	35	54	35
GB	Green Bay Packers	Safety	OladKi99	Kitan Oladapo	0	0	0
HOU	Houston Texans	Quarterback	StroCJ00	C.J. Stroud	79	100	79
HOU	Houston Texans	Running Back	MarkWo00	Woody Marks	40	51	40
HOU	Houston Texans	Running Back	MontDa01	David Montgomery	39	49	39
HOU	Houston Texans	Running Back	BrooBr00	British Brooks	0	0	0
HOU	Houston Texans	Wide Receiver	CollNi00	Nico Collins	57	72	57
HOU	Houston Texans	Wide Receiver	HutcXa00	Xavier Hutchinson	44	56	44
HOU	Houston Texans	Wide Receiver	BoutKa00	Kayshon Boutte	36	46	36
HOU	Houston Texans	Wide Receiver	WaynJa00	Jared Wayne	25	32	25
HOU	Houston Texans	Wide Receiver	NoelJa00	Jaylin Noel	24	30	24
HOU	Houston Texans	Tight End	SchuDa00	Dalton Schultz	52	66	52
HOU	Houston Texans	Tight End	MoreFo00	Foster Moreau	35	44	35
HOU	Houston Texans	Tight End	StovCa00	Cade Stover	24	30	24
HOU	Houston Texans	Tight End	KleiMa00	Marlin Klein	9	11	9
HOU	Houston Texans	Defensive Tackle	RankSh99	Sheldon Rankins	41	71	41
HOU	Houston Texans	Defensive Tackle	TogiTo99	Tommy Togiai	40	69	40
HOU	Houston Texans	Defensive Tackle	HallLo99	Logan Hall	22	38	22
HOU	Houston Texans	Defensive Tackle	EdwaMa98	Mario Edwards Jr	18	31	18
HOU	Houston Texans	Defensive End	AndeWi98	Will Anderson Jr.	51	88	51
HOU	Houston Texans	Defensive End	HuntDa97	Danielle Hunter	45	78	45
HOU	Houston Texans	Defensive End	ClowJa99	Jadeveon Clowney	20	34	20
HOU	Houston Texans	Defensive End	RobiDo99	Dominique Robinson	2	3	2
HOU	Houston Texans	Defensive End	HarsSe99	Sabastian Harsh	0	0	0
HOU	Houston Texans	Linebacker	AlShAz99	Azeez Al-Shaair	58	100	58
HOU	Houston Texans	Linebacker	TootHe98	Henry To'oTo'o	51	88	51
HOU	Houston Texans	Linebacker	HansJa99	Jake Hansen	7	12	7
HOU	Houston Texans	Linebacker	HummJa99	Jake Hummel	0	0	0
HOU	Houston Texans	Linebacker	WoodWa99	Wade Woodaz	0	0	0
HOU	Houston Texans	Cornerback	LassKa99	Kamari Lassiter	58	100	58
HOU	Houston Texans	Cornerback	StinDe99	Derek Stingley Jr	58	100	58
HOU	Houston Texans	Cornerback	SmitJa95	Jaylin Smith	0	0	0
HOU	Houston Texans	Cornerback	SmitTr98	Tremon Smith	0	0	0
HOU	Houston Texans	Safety	PitrJa99	Jalen Pitre	58	100	58
HOU	Houston Texans	Safety	BullCa99	Calen Bullock	56	97	56
HOU	Houston Texans	Safety	BlanRe99	Reed Blankenship	52	90	52
HOU	Houston Texans	Safety	RamsKa98	Kamari Ramsey	1	2	1
HOU	Houston Texans	Safety	OdumGe99	George Odum	0	0	0
IND	Indianapolis Colts	Quarterback	JoneDa05	Daniel Jones	54	100	54
IND	Indianapolis Colts	Running Back	TaylJo02	Jonathan Taylor	48	89	48
IND	Indianapolis Colts	Running Back	McGoSe00	Seth McGowan	6	11	6
IND	Indianapolis Colts	Wide Receiver	DownJo00	Josh Downs	48	89	48
IND	Indianapolis Colts	Wide Receiver	AlleKe00	Keenan Allen	36	67	36
IND	Indianapolis Colts	Wide Receiver	PierAl00	Alec Pierce	32	59	32
IND	Indianapolis Colts	Wide Receiver	TreaLa00	Laquon Treadwell	19	35	19
IND	Indianapolis Colts	Wide Receiver	DuliAs00	Ashton Dulin	10	19	10
IND	Indianapolis Colts	Wide Receiver	BurkDe00	Deion Burks	0	0	0
IND	Indianapolis Colts	Tight End	WarrTy00	Tyler Warren	50	93	50
IND	Indianapolis Colts	Tight End	AlieMo00	Mo Alie-Cox	14	26	14
IND	Indianapolis Colts	Tight End	OgleAn00	Drew Ogletree	0	0	0
IND	Indianapolis Colts	Defensive Tackle	BuckDe99	DeForest Buckner	51	75	51
IND	Indianapolis Colts	Defensive Tackle	StewGr99	Grover Stewart	43	63	43
IND	Indianapolis Colts	Defensive Tackle	TillJe99	Jerry Tillery	36	53	36
IND	Indianapolis Colts	Defensive Tackle	AdebAd99	Adetomiwa Adebawore	18	26	18
IND	Indianapolis Colts	Defensive Tackle	SmitTi98	Tim Smith	13	19	13
IND	Indianapolis Colts	Defensive End	LatuLa98	Laiatu Latu	57	84	57
IND	Indianapolis Colts	Defensive End	KeyxAr99	Arden Key	48	71	48
IND	Indianapolis Colts	Defensive End	TuimJT99	Jaylahn Tuimoloau	23	34	23
IND	Indianapolis Colts	Defensive End	ClemMi99	Micheal Clemons	14	21	14
IND	Indianapolis Colts	Defensive End	CurrCa99	Caden Curry	3	4	3
IND	Indianapolis Colts	Linebacker	DaviAk98	Akeem Davis-Gaither	64	94	64
IND	Indianapolis Colts	Linebacker	CarlJa99	Jaylon Carlies	42	62	42
IND	Indianapolis Colts	Linebacker	BoetBr99	Bryce Boettcher	23	34	23
IND	Indianapolis Colts	Linebacker	ChamTa99	Tahj Chambers	0	0	0
IND	Indianapolis Colts	Linebacker	RhodLu99	Luke Rhodes	0	0	0
IND	Indianapolis Colts	Cornerback	WardCa99	Charvarius Ward	65	96	65
IND	Indianapolis Colts	Cornerback	GardSa99	Sauce Gardner	62	91	62
IND	Indianapolis Colts	Cornerback	WallJu99	Justin Walley	39	57	39
IND	Indianapolis Colts	Cornerback	HarrKe98	Kenneth Harris	4	6	4
IND	Indianapolis Colts	Cornerback	GushKa99	Kapena Gushiken	0	0	0
IND	Indianapolis Colts	Safety	BynuCa99	Cam Bynum	68	100	68
IND	Indianapolis Colts	Safety	HaulAJ99	A.J. Haulcy	67	99	67
IND	Indianapolis Colts	Safety	OwenJo99	Jonathan Owens	2	3	2
IND	Indianapolis Colts	Safety	WohlHu99	Hunter Wohler	0	0	0
JAX	Jacksonville Jaguars	Quarterback	LawrTr00	Trevor Lawrence	50	88	50
JAX	Jacksonville Jaguars	Quarterback	MullNi00	Nick Mullens	7	12	7
JAX	Jacksonville Jaguars	Running Back	TuteBh00	Bhayshul Tuten	28	49	28
JAX	Jacksonville Jaguars	Running Back	RodrCh01	Chris Rodriguez Jr.	23	40	23
JAX	Jacksonville Jaguars	Running Back	AbduAm00	Ameer Abdullah	5	9	5
JAX	Jacksonville Jaguars	Running Back	AlleLe01	LeQuint Allen Jr.	1	2	1
JAX	Jacksonville Jaguars	Wide Receiver	MeyeJa00	Jakobi Meyers	37	65	37
JAX	Jacksonville Jaguars	Wide Receiver	WashPa01	Parker Washington	35	61	35
JAX	Jacksonville Jaguars	Wide Receiver	ThomBr01	Brian Thomas Jr.	20	35	20
JAX	Jacksonville Jaguars	Wide Receiver	CameJo01	Josh Cameron	19	33	19
JAX	Jacksonville Jaguars	Wide Receiver	WillCJ00	CJ Williams	10	18	10
JAX	Jacksonville Jaguars	Wide Receiver	HuntTr00	Travis Hunter	4	7	4
JAX	Jacksonville Jaguars	Tight End	StraBr00	Brenton Strange	39	68	39
JAX	Jacksonville Jaguars	Tight End	BoerNa00	Nate Boerkircher	38	67	38
JAX	Jacksonville Jaguars	Tight End	MorrQu00	Quintin Morris	24	42	24
JAX	Jacksonville Jaguars	Defensive Tackle	ArmsAr98	Arik Armstead	29	57	29
JAX	Jacksonville Jaguars	Defensive Tackle	HamiDa98	DaVon Hamilton	19	37	19
JAX	Jacksonville Jaguars	Defensive Tackle	OrhoRu99	Ruke Orhorhoro	18	35	18
JAX	Jacksonville Jaguars	Defensive Tackle	RegiAl99	Albert Regis	12	24	12
JAX	Jacksonville Jaguars	Defensive End	AlleJo98	Josh Hines-Allen	38	75	38
JAX	Jacksonville Jaguars	Defensive End	WalkTr96	Travon Walker	34	67	34
JAX	Jacksonville Jaguars	Defensive End	GardDe99	Dennis Gardeck	26	51	26
JAX	Jacksonville Jaguars	Defensive End	StriDa99	Danny Striggow	24	47	24
JAX	Jacksonville Jaguars	Defensive End	DickMa99	Matt Dickerson	18	35	18
JAX	Jacksonville Jaguars	Defensive End	GreeBJ99	B.J. Green II	0	0	0
JAX	Jacksonville Jaguars	Linebacker	OluoFo99	Foyesade Oluokun	34	67	34
JAX	Jacksonville Jaguars	Linebacker	MillVe99	Ventrell Miller	33	65	33
JAX	Jacksonville Jaguars	Linebacker	CombBr99	Branson Combs	15	29	15
JAX	Jacksonville Jaguars	Linebacker	TavaJa99	Jahlani Tavai	6	12	6
JAX	Jacksonville Jaguars	Cornerback	BrowMo99	Montaric Brown	38	75	38
JAX	Jacksonville Jaguars	Cornerback	JoneJa89	Jarrian Jones	37	73	37
JAX	Jacksonville Jaguars	Cornerback	LewiJo98	Jourdan Lewis	28	55	28
JAX	Jacksonville Jaguars	Cornerback	BrasCh99	Christian Braswell	6	12	6
JAX	Jacksonville Jaguars	Safety	JohnAn96	Antonio Johnson	45	88	45
JAX	Jacksonville Jaguars	Safety	MurrEr99	Eric Murray	33	65	33
JAX	Jacksonville Jaguars	Safety	RansCa99	Caleb Ransaw	33	65	33
JAX	Jacksonville Jaguars	Safety	LaneRa99	Rayuan Lane III	6	12	6
KC	Kansas City Chiefs	Quarterback	MahoPa00	Patrick Mahomes II	69	100	69
KC	Kansas City Chiefs	Quarterback	FielJu00	Justin Fields	1	1	1
KC	Kansas City Chiefs	Running Back	WalkKe01	Ken Walker III	47	68	47
KC	Kansas City Chiefs	Running Back	JohnEm00	Emmett Johnson	25	36	25
KC	Kansas City Chiefs	Running Back	SmitBr00	Brashard Smith	0	0	0
KC	Kansas City Chiefs	Wide Receiver	RiceRa01	Rashee Rice	57	83	57
KC	Kansas City Chiefs	Wide Receiver	WortXa00	Xavier Worthy	53	77	53
KC	Kansas City Chiefs	Wide Receiver	ThorTy00	Tyquan Thornton	47	68	47
KC	Kansas City Chiefs	Wide Receiver	AlleCy00	Cyrus Allen	1	1	1
KC	Kansas City Chiefs	Wide Receiver	RemiNi00	Nikko Remigio	0	0	0
KC	Kansas City Chiefs	Wide Receiver	RoyaJa00	Jalen Royals	0	0	0
KC	Kansas City Chiefs	Tight End	KelcTr00	Travis Kelce	49	71	49
KC	Kansas City Chiefs	Tight End	GrayNo00	Noah Gray	38	55	38
KC	Kansas City Chiefs	Tight End	BrinJa00	Jake Briningstool	13	19	13
KC	Kansas City Chiefs	Defensive Tackle	WoodPe99	Peter Woods	29	57	29
KC	Kansas City Chiefs	Defensive Tackle	JoneCh95	Chris Jones	26	51	26
KC	Kansas City Chiefs	Defensive Tackle	TongKh99	Khyiris Tonga	22	43	22
KC	Kansas City Chiefs	Defensive End	KarlGe99	George Karlaftis	44	86	44
KC	Kansas City Chiefs	Defensive End	AnudFe99	Felix Anudike-Uzomah	28	55	28
KC	Kansas City Chiefs	Defensive End	ThomRM99	R Mason Thomas	27	53	27
KC	Kansas City Chiefs	Defensive End	GillAs99	Ashton Gillotte	14	27	14
KC	Kansas City Chiefs	Defensive End	HarrMa95	Marcus Harris	0	0	0
KC	Kansas City Chiefs	Linebacker	BoltNi99	Nick Bolton	51	100	51
KC	Kansas City Chiefs	Linebacker	TranDr99	Drue Tranquill	50	98	50
KC	Kansas City Chiefs	Linebacker	CochJa99	Jack Cochrane	5	10	5
KC	Kansas City Chiefs	Linebacker	BassJe99	Jeffrey Bassa	3	6	3
KC	Kansas City Chiefs	Linebacker	JoneCa99	Cam Jones	0	0	0
KC	Kansas City Chiefs	Linebacker	McDoCo99	Cooper McDonald	0	0	0
KC	Kansas City Chiefs	Linebacker	VanSBe99	Ben VanSumeren	0	0	0
KC	Kansas City Chiefs	Cornerback	WillNo99	Nohl Williams	51	100	51
KC	Kansas City Chiefs	Cornerback	FultKr99	Kristian Fulton	47	92	47
KC	Kansas City Chiefs	Cornerback	SneeLJ99	L&apos;Jarius Sneed	46	90	46
KC	Kansas City Chiefs	Cornerback	RolaCh99	Chris Roland-Wallace	8	16	8
KC	Kansas City Chiefs	Cornerback	DelaMa99	Mansoor Delane	3	6	3
KC	Kansas City Chiefs	Cornerback	CanaJa99	Jadon Canady	0	0	0
KC	Kansas City Chiefs	Cornerback	KohoKa99	Kader Kohou	0	0	0
KC	Kansas City Chiefs	Safety	GilmAl99	Alohi Gilman	51	100	51
KC	Kansas City Chiefs	Safety	HickJa99	Jaden Hicks	51	100	51
KC	Kansas City Chiefs	Safety	NwanXa99	Xavier Nwankpa	0	0	0
LV	Las Vegas Raiders	Quarterback	CousKi00	Kirk Cousins	68	100	68
LV	Las Vegas Raiders	Running Back	JeanAs00	Ashton Jeanty	50	74	50
LV	Las Vegas Raiders	Running Back	HeywCo00	Connor Heyward	32	47	32
LV	Las Vegas Raiders	Running Back	WashMi00	Mike Washington Jr.	13	19	13
LV	Las Vegas Raiders	Running Back	LaubDy00	Dylan Laube	10	15	10
LV	Las Vegas Raiders	Wide Receiver	TuckTr00	Tre Tucker	48	71	48
LV	Las Vegas Raiders	Wide Receiver	NailJa00	Jalen Nailor	41	60	41
LV	Las Vegas Raiders	Wide Receiver	BechJa00	Jack Bech	27	40	27
LV	Las Vegas Raiders	Wide Receiver	WhitCo01	Cody White	11	16	11
LV	Las Vegas Raiders	Wide Receiver	YounDa02	Dareke Young	10	15	10
LV	Las Vegas Raiders	Wide Receiver	BensMa00	Malik Benson	7	10	7
LV	Las Vegas Raiders	Tight End	MayeMi00	Michael Mayer	55	81	55
LV	Las Vegas Raiders	Tight End	ThomIa00	Ian Thomas	31	46	31
LV	Las Vegas Raiders	Tight End	MyarCh00	Chris Myarick	5	7	5
LV	Las Vegas Raiders	Defensive Tackle	HemiTo99	Tonka Hemingway	32	57	32
LV	Las Vegas Raiders	Defensive Tackle	ButlAd99	Adam Butler	21	38	21
LV	Las Vegas Raiders	Defensive Tackle	FatuFo99	Folorunso Fatukasi	19	34	19
LV	Las Vegas Raiders	Defensive Tackle	LaulJo99	Jonah Laulu	19	34	19
LV	Las Vegas Raiders	Defensive End	CrosMa99	Maxx Crosby	46	82	46
LV	Las Vegas Raiders	Defensive End	PayeKw99	Kwity Paye	32	57	32
LV	Las Vegas Raiders	Defensive End	KoonMa99	Malcolm Koonce	29	52	29
LV	Las Vegas Raiders	Defensive End	BookTh99	Thomas Booker IV	19	34	19
LV	Las Vegas Raiders	Defensive End	JohnPa99	Patrick Johnson	7	13	7
LV	Las Vegas Raiders	Linebacker	DeanNa99	Nakobe Dean	56	100	56
LV	Las Vegas Raiders	Linebacker	WalkQu99	Quay Walker	56	100	56
LV	Las Vegas Raiders	Linebacker	EichTo99	Tommy Eichenberg	8	14	8
LV	Las Vegas Raiders	Linebacker	OlubSe99	Segun Olubi	0	0	0
LV	Las Vegas Raiders	Cornerback	StokEr99	Eric Stokes	56	100	56
LV	Las Vegas Raiders	Cornerback	JohnTa97	Taron Johnson	48	86	48
LV	Las Vegas Raiders	Cornerback	PortDa99	Darien Porter	46	82	46
LV	Las Vegas Raiders	Cornerback	MassHe99	Hezekiah Masses	10	18	10
LV	Las Vegas Raiders	Safety	ChinJe99	Jeremy Chinn	56	100	56
LV	Las Vegas Raiders	Safety	StukTr99	Treydan Stukes	56	100	56
LV	Las Vegas Raiders	Safety	McCoTr99	Tristin McCollum	0	0	0
LV	Las Vegas Raiders	Safety	PolaIs99	Isaiah Pola-Mao	0	0	0
LAC	Los Angeles Chargers	Quarterback	HerbJu00	Justin Herbert	55	100	55
LAC	Los Angeles Chargers	Running Back	HampOm00	Omarion Hampton	32	58	32
LAC	Los Angeles Chargers	Running Back	IngoAl00	Alec Ingold	21	38	21
LAC	Los Angeles Chargers	Running Back	MitcKe01	Keaton Mitchell	17	31	17
LAC	Los Angeles Chargers	Running Back	VidaKi00	Kimani Vidal	4	7	4
LAC	Los Angeles Chargers	Wide Receiver	JohnQu01	Quentin Johnston	43	78	43
LAC	Los Angeles Chargers	Wide Receiver	HarrTr03	Tre' Harris	41	75	41
LAC	Los Angeles Chargers	Wide Receiver	McCoLa00	Ladd McConkey	27	49	27
LAC	Los Angeles Chargers	Wide Receiver	DaviDe01	Derius Davis	10	18	10
LAC	Los Angeles Chargers	Wide Receiver	ThomBr02	Brenen Thompson	10	18	10
LAC	Los Angeles Chargers	Wide Receiver	LambKe00	Keandre Lambert-Smith	0	0	0
LAC	Los Angeles Chargers	Tight End	KolaCh00	Charlie Kolar	30	55	30
LAC	Los Angeles Chargers	Tight End	NjokDa00	David Njoku	30	55	30
LAC	Los Angeles Chargers	Tight End	GadsOr01	Oronde Gadsden	10	18	10
LAC	Los Angeles Chargers	Defensive Tackle	EboiJu99	Justin Eboigbe	45	60	45
LAC	Los Angeles Chargers	Defensive Tackle	CaldJa99	Jamaree Caldwell	40	53	40
LAC	Los Angeles Chargers	Defensive Tackle	TomlDa99	Dalvin Tomlinson	40	53	40
LAC	Los Angeles Chargers	Defensive Tackle	TartTe99	Teair Tart	31	41	31
LAC	Los Angeles Chargers	Defensive Tackle	BarrNi99	Nick Barrett	8	11	8
LAC	Los Angeles Chargers	Defensive End	TuipTu99	Tuli Tuipulotu	54	72	54
LAC	Los Angeles Chargers	Defensive End	MackKh99	Khalil Mack	51	68	51
LAC	Los Angeles Chargers	Defensive End	MesiAk99	Akheem Mesidor	35	47	35
LAC	Los Angeles Chargers	Defensive End	DuprBu99	Bud Dupree	23	31	23
LAC	Los Angeles Chargers	Linebacker	HenlDa99	Daiyan Henley	67	89	67
LAC	Los Angeles Chargers	Linebacker	PhilDe99	Del&apos;Shawn Phillips	41	55	41
LAC	Los Angeles Chargers	Linebacker	DyexTr99	Troy Dye	15	20	15
LAC	Los Angeles Chargers	Linebacker	WaxxMa99	Marlowe Wax	0	0	0
LAC	Los Angeles Chargers	Cornerback	StilTa99	Tarheeb Still	66	88	66
LAC	Los Angeles Chargers	Cornerback	HartCa99	Cam Hart	63	84	63
LAC	Los Angeles Chargers	Cornerback	JackDo99	Donte Jackson	51	68	51
LAC	Los Angeles Chargers	Cornerback	ShelRo99	Rodney Shelley	1	1	1
LAC	Los Angeles Chargers	Safety	JameDe99	Derwin James Jr.	75	100	75
LAC	Los Angeles Chargers	Safety	MoldEl99	Elijah Molden	53	71	53
LAC	Los Angeles Chargers	Safety	JeffTo98	Tony Jefferson	39	52	39
LAC	Los Angeles Chargers	Safety	SmitGe99	Genesis Smith	27	36	27
LAC	Los Angeles Chargers	Safety	WillKe96	Kendall Williamson	0	0	0
LAR	Los Angeles Rams	Quarterback	StafMa00	Matthew Stafford	51	84	51
LAR	Los Angeles Rams	Quarterback	BennSt00	Stetson Bennett IV	10	16	10
LAR	Los Angeles Rams	Running Back	WillKy02	Kyren Williams	39	64	39
LAR	Los Angeles Rams	Running Back	CoruBl00	Blake Corum	14	23	14
LAR	Los Angeles Rams	Running Back	RiveRo01	Ronnie Rivers	8	13	8
LAR	Los Angeles Rams	Wide Receiver	NacuPu00	Puka Nacua	43	70	43
LAR	Los Angeles Rams	Wide Receiver	AdamDa01	Davante Adams	33	54	33
LAR	Los Angeles Rams	Wide Receiver	WhitJo04	Jordan Whittington	25	41	25
LAR	Los Angeles Rams	Wide Receiver	MumpKo00	Konata Mumpfield	16	26	16
LAR	Los Angeles Rams	Wide Receiver	SmitXa00	Xavier Smith	16	26	16
LAR	Los Angeles Rams	Wide Receiver	AtweTu00	Tutu Atwell	0	0	0
LAR	Los Angeles Rams	Tight End	ParkCo00	Colby Parkinson	47	77	47
LAR	Los Angeles Rams	Tight End	FergTe00	Terrance Ferguson	31	51	31
LAR	Los Angeles Rams	Tight End	AlleDa01	Davis Allen	21	34	21
LAR	Los Angeles Rams	Tight End	HigbTy01	Tyler Higbee	12	20	12
LAR	Los Angeles Rams	Defensive Tackle	TurnKo99	Kobie Turner	43	66	43
LAR	Los Angeles Rams	Defensive Tackle	FordPo99	Poona Ford	33	51	33
LAR	Los Angeles Rams	Defensive Tackle	DaviTy97	Tyler Davis	32	49	32
LAR	Los Angeles Rams	Defensive Tackle	FiskBr99	Braden Fiske	29	45	29
LAR	Los Angeles Rams	Defensive Tackle	JohnDe92	Desjuan Johnson	15	23	15
LAR	Los Angeles Rams	Defensive Tackle	HamiTy99	Ty Hamilton	12	18	12
LAR	Los Angeles Rams	Defensive End	YounBy98	Byron Young	47	72	47
LAR	Los Angeles Rams	Defensive End	GarrMy99	Myles Garrett	40	62	40
LAR	Los Angeles Rams	Defensive End	StewJo99	Josaiah Stewart	28	43	28
LAR	Los Angeles Rams	Linebacker	LandNa99	Nate Landman	64	98	64
LAR	Los Angeles Rams	Linebacker	SpeiOm99	Omar Speights	30	46	30
LAR	Los Angeles Rams	Linebacker	DolaSh99	Shaun Dolac	19	29	19
LAR	Los Angeles Rams	Linebacker	BailWe99	Wesley Bailey	0	0	0
LAR	Los Angeles Rams	Linebacker	StuaGr99	Grant Stuard	0	0	0
LAR	Los Angeles Rams	Cornerback	McDuTr99	Trent McDuffie	65	100	65
LAR	Los Angeles Rams	Cornerback	WatsJa99	Jaylen Watson	65	100	65
LAR	Los Angeles Rams	Cornerback	WallJo99	Josh Wallace	7	11	7
LAR	Los Angeles Rams	Cornerback	ForbEm99	Emmanuel Forbes Jr.	0	0	0
LAR	Los Angeles Rams	Cornerback	InglTa99	Tanner Ingle	0	0	0
LAR	Los Angeles Rams	Safety	LakeQu99	Quentin Lake	65	100	65
LAR	Los Angeles Rams	Safety	KincKa99	Kamren Kinchens	52	80	52
LAR	Los Angeles Rams	Safety	McCoJa98	Jaylen McCollough	39	60	39
LAR	Los Angeles Rams	Safety	CurlKa99	Kam Curl	30	46	30
MIA	Miami Dolphins	Quarterback	WillMa05	Malik Willis	56	100	56
MIA	Miami Dolphins	Running Back	AchaDe00	De'Von Achane	48	86	48
MIA	Miami Dolphins	Running Back	HermDJ00	DJ Herman	15	27	15
MIA	Miami Dolphins	Running Back	GordOl00	Ollie Gordon II	4	7	4
MIA	Miami Dolphins	Running Back	WrigJa04	Jaylen Wright	4	7	4
MIA	Miami Dolphins	Wide Receiver	WashMa01	Malik Washington	55	98	55
MIA	Miami Dolphins	Wide Receiver	DougCa00	Caleb Douglas	51	91	51
MIA	Miami Dolphins	Wide Receiver	BellCh01	Chris Bell	29	52	29
MIA	Miami Dolphins	Wide Receiver	ColeKE02	Kevin Coleman Jr.	16	29	16
MIA	Miami Dolphins	Wide Receiver	MillRy00	Ryan Miller	0	0	0
MIA	Miami Dolphins	Tight End	DulcGr00	Greg Dulcich	43	77	43
MIA	Miami Dolphins	Tight End	KacmWi00	Will Kacmarek	14	25	14
MIA	Miami Dolphins	Tight End	TraoSe00	Seydou Traore	0	0	0
MIA	Miami Dolphins	Defensive Tackle	SielZa99	Zach Sieler	48	71	48
MIA	Miami Dolphins	Defensive Tackle	BiggZe99	Zeek Biggers	42	62	42
MIA	Miami Dolphins	Defensive Tackle	PhilJo98	Jordan Phillips	41	60	41
MIA	Miami Dolphins	Defensive End	RobiCh99	Chop Robinson	42	62	42
MIA	Miami Dolphins	Defensive End	HerrMa99	Malik Herring	32	47	32
MIA	Miami Dolphins	Defensive End	UcheJo99	Josh Uche	29	43	29
MIA	Miami Dolphins	Defensive End	CoopKe99	Keith Cooper Jr.	15	22	15
MIA	Miami Dolphins	Defensive End	BealRo99	Robert Beal Jr.	14	21	14
MIA	Miami Dolphins	Defensive End	FerrCl99	Clelin Ferrell	11	16	11
MIA	Miami Dolphins	Linebacker	RodrJa99	Jacob Rodriguez	68	100	68
MIA	Miami Dolphins	Linebacker	BrooJo99	Jordyn Brooks	67	99	67
MIA	Miami Dolphins	Linebacker	GayxWi98	Willie Gay Jr	41	60	41
MIA	Miami Dolphins	Linebacker	LouiKy99	Kyle Louis	3	4	3
MIA	Miami Dolphins	Linebacker	WoodJa97	Jackson Woodard	1	1	1
MIA	Miami Dolphins	Cornerback	JohnCh96	Chris Johnson	68	100	68
MIA	Miami Dolphins	Cornerback	MarsJa98	Jason Marshall Jr.	64	94	64
MIA	Miami Dolphins	Cornerback	BrenJu99	JuJu Brents	26	38	26
MIA	Miami Dolphins	Cornerback	DialMa99	Marcellas Dial Jr.	0	0	0
MIA	Miami Dolphins	Cornerback	WoodJu98	Julius Wood	0	0	0
MIA	Miami Dolphins	Safety	AndeZa96	Zayne Anderson	53	78	53
MIA	Miami Dolphins	Safety	TaafMi99	Michael Taaffe	51	75	51
MIA	Miami Dolphins	Safety	TradDa99	Dante Trader Jr.	32	47	32
MIA	Miami Dolphins	Safety	HarrRo98	Ronnie Harrison Jr.	0	0	0
MIN	Minnesota Vikings	Quarterback	WentCa00	Carson Wentz	54	83	54
MIN	Minnesota Vikings	Quarterback	MurrKy00	Kyler Murray	11	17	11
MIN	Minnesota Vikings	Running Back	JoneAa00	Aaron Jones Sr.	30	46	30
MIN	Minnesota Vikings	Running Back	MasoJo00	Jordan Mason	29	45	29
MIN	Minnesota Vikings	Running Back	BredMa00	Max Bredeson	24	37	24
MIN	Minnesota Vikings	Running Back	DallDe00	DeeJay Dallas	6	9	6
MIN	Minnesota Vikings	Wide Receiver	JeffJu00	Justin Jefferson	60	92	60
MIN	Minnesota Vikings	Wide Receiver	AddiJo00	Jordan Addison	54	83	54
MIN	Minnesota Vikings	Wide Receiver	JennJa00	Jauan Jennings	31	48	31
MIN	Minnesota Vikings	Wide Receiver	FeltTa00	Tai Felton	3	5	3
MIN	Minnesota Vikings	Wide Receiver	PricMy00	Myles Price	3	5	3
MIN	Minnesota Vikings	Tight End	HockTJ00	T.J. Hockenson	43	66	43
MIN	Minnesota Vikings	Tight End	OlivJo00	Josh Oliver	42	65	42
MIN	Minnesota Vikings	Tight End	BartGa00	Gavin Bartholomew	0	0	0
MIN	Minnesota Vikings	Defensive Tackle	RedmJa99	Jalen Redmond	51	75	51
MIN	Minnesota Vikings	Defensive Tackle	IngrTy99	Tyrion Ingram-Dawkins	42	62	42
MIN	Minnesota Vikings	Defensive Tackle	RodrLe99	Levi Drake Rodriguez	34	50	34
MIN	Minnesota Vikings	Defensive Tackle	OranDo99	Domonique Orange	22	32	22
MIN	Minnesota Vikings	Defensive Tackle	BankCa99	Caleb Banks	16	24	16
MIN	Minnesota Vikings	Defensive End	TurnDa99	Dallas Turner	56	82	56
MIN	Minnesota Vikings	Defensive End	VanGAn99	Andrew Van Ginkel	55	81	55
MIN	Minnesota Vikings	Defensive End	VanNKy99	Kyle Van Noy	25	37	25
MIN	Minnesota Vikings	Defensive End	RichBo98	Bo Richter	0	0	0
MIN	Minnesota Vikings	Linebacker	WilsEr99	Eric Wilson	67	99	67
MIN	Minnesota Vikings	Linebacker	CashBl99	Blake Cashman	65	96	65
MIN	Minnesota Vikings	Linebacker	PaceIv98	Ivan Pace Jr.	10	15	10
MIN	Minnesota Vikings	Linebacker	ChamCh98	Chaz Chambliss	0	0	0
MIN	Minnesota Vikings	Linebacker	GoldJa97	Jake Golday	0	0	0
MIN	Minnesota Vikings	Cornerback	RodgIs99	Isaiah Rodgers	68	100	68
MIN	Minnesota Vikings	Cornerback	MurpBy99	Byron Murphy Jr.	67	99	67
MIN	Minnesota Vikings	Cornerback	PierJa98	James Pierre	23	34	23
MIN	Minnesota Vikings	Cornerback	DemmCh99	Charles Demmings	0	0	0
MIN	Minnesota Vikings	Cornerback	ThomTa99	Tavierre Thomas	0	0	0
MIN	Minnesota Vikings	Safety	MeteJo99	Joshua Metellus	68	100	68
MIN	Minnesota Vikings	Safety	JackTh99	Theo Jackson	43	63	43
MIN	Minnesota Vikings	Safety	SmitHa98	Harrison Smith	26	38	26
MIN	Minnesota Vikings	Safety	ThomJa95	Jacob Thomas	10	15	10
MIN	Minnesota Vikings	Safety	WardJa99	Jay Ward	0	0	0
NE	New England Patriots	Quarterback	MayeDr00	Drake Maye	71	100	71
NE	New England Patriots	Running Back	StevRh00	Rhamondre Stevenson	60	85	60
NE	New England Patriots	Running Back	GillRe00	Reggie Gilliam	13	18	13
NE	New England Patriots	Running Back	KineCo00	Corey Kiner	8	11	8
NE	New England Patriots	Running Back	LariLa00	Lan Larison	3	4	3
NE	New England Patriots	Wide Receiver	HollMa00	Mack Hollins	50	70	50
NE	New England Patriots	Wide Receiver	DougDe00	DeMario Douglas	44	62	44
NE	New England Patriots	Wide Receiver	DoubRo00	Romeo Doubs	40	56	40
NE	New England Patriots	Wide Receiver	BrowAJ00	A.J. Brown	31	44	31
NE	New England Patriots	Wide Receiver	WillKy01	Kyle Williams	12	17	12
NE	New England Patriots	Tight End	HenrHu00	Hunter Henry	54	76	54
NE	New England Patriots	Tight End	RariEl00	Eli Raridon	38	54	38
NE	New England Patriots	Tight End	ArkiTa00	Tanner Arkin	0	0	0
NE	New England Patriots	Tight End	LatuCa00	Cameron Latu	0	0	0
NE	New England Patriots	Defensive Tackle	WillMi97	Milton Williams	33	66	33
NE	New England Patriots	Defensive Tackle	BarmCh99	Christian Barmore	30	60	30
NE	New England Patriots	Defensive Tackle	DurdCo99	Cory Durden	28	56	28
NE	New England Patriots	Defensive Tackle	FarmJo98	Joshua Farmer	9	18	9
NE	New England Patriots	Defensive Tackle	TaylLe98	Leonard Taylor III	7	14	7
NE	New England Patriots	Defensive End	JoneDr99	Dre&apos;Mont Jones	42	84	42
NE	New England Patriots	Defensive End	JacaGa99	Gabe Jacas	19	38	19
NE	New England Patriots	Defensive End	HutcQu99	Quintayvious Hutchins	0	0	0
NE	New England Patriots	Linebacker	SpilRo99	Robert Spillane	50	100	50
NE	New England Patriots	Linebacker	ElliCh98	Christian Elliss	49	98	49
NE	New England Patriots	Linebacker	PondEl98	Elijah Ponder	39	78	39
NE	New England Patriots	Linebacker	MuasDa99	Darius Muasau	0	0	0
NE	New England Patriots	Linebacker	ObiaNa99	Namdi Obiazor	0	0	0
NE	New England Patriots	Cornerback	GonzCh99	Christian Gonzalez	50	100	50
NE	New England Patriots	Cornerback	DaviCa98	Carlton Davis III	49	98	49
NE	New England Patriots	Cornerback	JoneMa05	Marcus Jones	24	48	24
NE	New England Patriots	Cornerback	WoodCh98	Charles Woods	1	2	1
NE	New England Patriots	Cornerback	CanaCh99	Channing Canada	0	0	0
NE	New England Patriots	Safety	ByarKe99	Kevin Byard III	50	100	50
NE	New England Patriots	Safety	WoodCr99	Craig Woodson	50	100	50
NE	New England Patriots	Safety	PetuDe99	Dell Pettus	20	40	20
NE	New England Patriots	Safety	ReedJa97	Jaylen Reed	0	0	0
NO	New Orleans Saints	Quarterback	ShouTy00	Tyler Shough	90	100	90
NO	New Orleans Saints	Running Back	EtieTr00	Travis Etienne Jr.	53	59	53
NO	New Orleans Saints	Running Back	MillKe00	Kendre Miller	26	29	26
NO	New Orleans Saints	Running Back	DonaCJ00	CJ Donaldson	15	17	15
NO	New Orleans Saints	Wide Receiver	VeleDe00	Devaughn Vele	82	91	82
NO	New Orleans Saints	Wide Receiver	OlavCh00	Chris Olave	77	86	77
NO	New Orleans Saints	Wide Receiver	LancBr00	Bryce Lance	62	69	62
NO	New Orleans Saints	Wide Receiver	BrowBa01	Barion Brown	7	8	7
NO	New Orleans Saints	Wide Receiver	AustKe00	Kevin Austin Jr	5	6	5
NO	New Orleans Saints	Tight End	JohnJu00	Juwan Johnson	76	84	76
NO	New Orleans Saints	Tight End	FantNo00	Noah Fant	37	41	37
NO	New Orleans Saints	Tight End	WelcTr00	Treyton Welch	10	11	10
NO	New Orleans Saints	Defensive Tackle	ShepNa99	Nathan Shepherd	55	71	55
NO	New Orleans Saints	Defensive Tackle	BrouVe99	Vernon Broughton	52	68	52
NO	New Orleans Saints	Defensive Tackle	GodcDa99	Davon Godchaux	36	47	36
NO	New Orleans Saints	Defensive Tackle	MillCh97	Christen Miller	25	32	25
NO	New Orleans Saints	Defensive Tackle	WoodCo99	Colby Wooden	18	23	18
NO	New Orleans Saints	Defensive End	GranCa99	Carl Granderson	59	77	59
NO	New Orleans Saints	Defensive End	YounCh97	Chase Young	59	77	59
NO	New Orleans Saints	Defensive End	WilsTy99	Tyree Wilson	23	30	23
NO	New Orleans Saints	Defensive End	JennAn98	Anfernee Jennings	18	23	18
NO	New Orleans Saints	Defensive End	RumpCh99	Chris Rumph II	0	0	0
NO	New Orleans Saints	Linebacker	ElliKa99	Kaden Elliss	77	100	77
NO	New Orleans Saints	Linebacker	WernPe99	Pete Werner	40	52	40
NO	New Orleans Saints	Linebacker	StutDa99	Danny Stutsman	26	34	26
NO	New Orleans Saints	Linebacker	StalIs99	Isaiah Stalbird	0	0	0
NO	New Orleans Saints	Cornerback	McKiKo99	Kool-Aid McKinstry	77	100	77
NO	New Orleans Saints	Cornerback	RileQu99	Quincy Riley	66	86	66
NO	New Orleans Saints	Cornerback	EmerMa99	Martin Emerson Jr	11	14	11
NO	New Orleans Saints	Cornerback	PricJa98	Jayden Price	0	0	0
NO	New Orleans Saints	Cornerback	ReidMi99	Mike Reid	0	0	0
NO	New Orleans Saints	Cornerback	RichDe98	Decamerion Richardson	0	0	0
NO	New Orleans Saints	Safety	BlacJu99	Julian Blackmon	77	100	77
NO	New Orleans Saints	Safety	ReidJu99	Justin Reid	77	100	77
NO	New Orleans Saints	Safety	SankJo99	Jonas Sanker	51	66	51
NO	New Orleans Saints	Safety	HowdJo99	Jordan Howden	0	0	0
NYG	New York Giants	Quarterback	DartJa00	Jaxson Dart	69	100	69
NYG	New York Giants	Running Back	SkatCa00	Cam Skattebo	42	61	42
NYG	New York Giants	Running Back	RicaPa00	Patrick Ricard	37	54	37
NYG	New York Giants	Running Back	SingDe00	Devin Singletary	25	36	25
NYG	New York Giants	Running Back	TracTy00	Tyrone Tracy Jr.	2	3	2
NYG	New York Giants	Wide Receiver	FielMa00	Malachi Fields	50	72	50
NYG	New York Giants	Wide Receiver	MoonDa00	Darnell Mooney	39	57	39
NYG	New York Giants	Wide Receiver	NabeMa00	Malik Nabers	36	52	36
NYG	New York Giants	Wide Receiver	BerrBr00	Braxton Berrios	12	17	12
NYG	New York Giants	Wide Receiver	BeckOd01	Odell Beckham Jr	11	16	11
NYG	New York Giants	Tight End	LikeIs00	Isaiah Likely	34	49	34
NYG	New York Giants	Tight End	JohnTh00	Theo Johnson	32	46	32
NYG	New York Giants	Tight End	ManhCh00	Chris Manhertz	24	35	24
NYG	New York Giants	Defensive Tackle	ReadDJ99	DJ Reader	27	47	27
NYG	New York Giants	Defensive Tackle	HarrSh99	Shelby Harris	26	45	26
NYG	New York Giants	Defensive Tackle	AlexDa99	Darius Alexander	18	31	18
NYG	New York Giants	Defensive Tackle	OkoyCJ99	C.J. Okoye	13	22	13
NYG	New York Giants	Defensive End	CartAb99	Abdul Carter	53	91	53
NYG	New York Giants	Defensive End	BurnBr99	Brian Burns	49	84	49
NYG	New York Giants	Defensive End	GolsCh99	Chauncey Golston	28	48	28
NYG	New York Giants	Defensive End	ThibKa99	Kayvon Thibodeaux	27	47	27
NYG	New York Giants	Linebacker	EdmuTr99	Tremaine Edmunds	58	100	58
NYG	New York Giants	Linebacker	ReesAr99	Arvell Reese	58	100	58
NYG	New York Giants	Linebacker	BarnZa99	Zaire Barnes	0	0	0
NYG	New York Giants	Linebacker	HarrMa96	Malik Harrison	0	0	0
NYG	New York Giants	Linebacker	KellJa99	Jack Kelly	0	0	0
NYG	New York Giants	Linebacker	McFaMi98	Micah McFadden	0	0	0
NYG	New York Giants	Cornerback	NewsGr99	Greg Newsome II	52	90	52
NYG	New York Giants	Cornerback	BankDe99	Deonte Banks	48	83	48
NYG	New York Giants	Cornerback	PhilAn96	Dru Phillips	48	83	48
NYG	New York Giants	Cornerback	AdebPa99	Paulson Adebo	10	17	10
NYG	New York Giants	Cornerback	HoodCo99	Colton Hood	6	10	6
NYG	New York Giants	Safety	HollJe98	JevÃ³n Holland	58	100	58
NYG	New York Giants	Safety	NubiTy99	Tyler Nubin	58	100	58
NYG	New York Giants	Safety	WashAr99	Ar&apos;Darius Washington	1	2	1
NYJ	New York Jets	Quarterback	SmitGe01	Geno Smith	67	100	67
NYJ	New York Jets	Running Back	HallBr01	Breece Hall	39	58	39
NYJ	New York Jets	Running Back	AlleBr01	Braelon Allen	27	40	27
NYJ	New York Jets	Running Back	BeckAn00	Andrew Beck	9	13	9
NYJ	New York Jets	Running Back	DaviIs00	Isaiah Davis	0	0	0
NYJ	New York Jets	Wide Receiver	WilsGa00	Garrett Wilson	50	75	50
NYJ	New York Jets	Wide Receiver	MitcAd00	Adonai Mitchell	46	69	46
NYJ	New York Jets	Wide Receiver	WiliIs00	Isaiah Williams	40	60	40
NYJ	New York Jets	Wide Receiver	CoopOm00	Omar Cooper Jr.	5	7	5
NYJ	New York Jets	Wide Receiver	SmitAr01	Arian Smith	2	3	2
NYJ	New York Jets	Tight End	TaylMa01	Mason Taylor	44	66	44
NYJ	New York Jets	Tight End	RuckJe00	Jeremy Ruckert	29	43	29
NYJ	New York Jets	Tight End	SadiKe00	Kenyon Sadiq	28	42	28
NYJ	New York Jets	Tight End	WoodJe02	Jelani Woods	16	24	16
NYJ	New York Jets	Defensive Tackle	OnyeDa99	David Onyemata	35	70	35
NYJ	New York Jets	Defensive Tackle	PhilHa99	Harrison Phillips	27	54	27
NYJ	New York Jets	Defensive Tackle	SweaTV99	T'Vondre Sweat	15	30	15
NYJ	New York Jets	Defensive Tackle	BrigJo99	Jowon Briggs	10	20	10
NYJ	New York Jets	Defensive Tackle	JackDa97	Darrell Jackson Jr.	8	16	8
NYJ	New York Jets	Defensive End	BailDa99	David Bailey	35	70	35
NYJ	New York Jets	Defensive End	EnagKi99	Kingsley Enagbare	33	66	33
NYJ	New York Jets	Defensive End	McDoWi98	Will McDonald IV	25	50	25
NYJ	New York Jets	Defensive End	McGrBr99	Braiden McGregor	17	34	17
NYJ	New York Jets	Linebacker	DaviDe97	Demario Davis	50	100	50
NYJ	New York Jets	Linebacker	SherJa99	Jamien Sherwood	45	90	45
NYJ	New York Jets	Linebacker	McCrMa98	Marcelino McCrary-Ball	5	10	5
NYJ	New York Jets	Linebacker	MauiFr99	Kiko Mauigoa	0	0	0
NYJ	New York Jets	Cornerback	StepBr99	Brandon Stephens	50	100	50
NYJ	New York Jets	Cornerback	ThomAz99	Azareye'h Thomas	50	100	50
NYJ	New York Jets	Cornerback	BrowJa96	Jarvis Brownlee Jr.	38	76	38
NYJ	New York Jets	Cornerback	StigQw99	Qwan'tez Stiggers	0	0	0
NYJ	New York Jets	Cornerback	WrigNa99	Nahshon Wright	0	0	0
NYJ	New York Jets	Safety	BeltDa99	Dane Belton	50	100	50
NYJ	New York Jets	Safety	CiscAn99	Andre Cisco	44	88	44
NYJ	New York Jets	Safety	MoorMa99	Malachi Moore	7	14	7
NYJ	New York Jets	Safety	FitzMi99	Minkah Fitzpatrick	6	12	6
PHI	Philadelphia Eagles	Quarterback	HurtJa00	Jalen Hurts	55	100	55
PHI	Philadelphia Eagles	Running Back	BarkSa00	Saquon Barkley	39	71	39
PHI	Philadelphia Eagles	Running Back	ShipWi00	Will Shipley	10	18	10
PHI	Philadelphia Eagles	Running Back	BigsTa00	Tank Bigsby	6	11	6
PHI	Philadelphia Eagles	Wide Receiver	SmitDe04	DeVonta Smith	52	95	52
PHI	Philadelphia Eagles	Wide Receiver	WickDo00	Dontayvion Wicks	50	91	50
PHI	Philadelphia Eagles	Wide Receiver	LemoMa00	Makai Lemon	35	64	35
PHI	Philadelphia Eagles	Wide Receiver	CoopDa00	Darius Cooper	8	15	8
PHI	Philadelphia Eagles	Wide Receiver	CoveBr00	Britain Covey	0	0	0
PHI	Philadelphia Eagles	Tight End	GoedDa00	Dallas Goedert	52	95	52
PHI	Philadelphia Eagles	Tight End	MundJo00	Johnny Mundt	20	36	20
PHI	Philadelphia Eagles	Tight End	JenkEJ00	E.J. Jenkins	1	2	1
PHI	Philadelphia Eagles	Defensive Tackle	CartJa97	Jalen Carter	66	94	66
PHI	Philadelphia Eagles	Defensive Tackle	OjomMo99	Moro Ojomo	48	69	48
PHI	Philadelphia Eagles	Defensive Tackle	DaviJo99	Jordan Davis	34	49	34
PHI	Philadelphia Eagles	Defensive Tackle	YounBy99	Byron Young	6	9	6
PHI	Philadelphia Eagles	Defensive Tackle	RobiTy98	Ty Robinson	0	0	0
PHI	Philadelphia Eagles	Defensive End	HuntJa98	Jalyx Hunt	53	76	53
PHI	Philadelphia Eagles	Defensive End	SmitNo99	Nolan Smith Jr.	47	67	47
PHI	Philadelphia Eagles	Defensive End	EbikAr99	Arnold Ebiketie	28	40	28
PHI	Philadelphia Eagles	Defensive End	EpenAJ99	A.J. Epenesa	12	17	12
PHI	Philadelphia Eagles	Linebacker	BaunZa99	Zack Baun	70	100	70
PHI	Philadelphia Eagles	Linebacker	CampJi99	Jihaad Campbell	67	96	67
PHI	Philadelphia Eagles	Linebacker	MondSm98	Smael Mondon Jr.	0	0	0
PHI	Philadelphia Eagles	Linebacker	TrotJe98	Jeremiah Trotter Jr.	0	0	0
PHI	Philadelphia Eagles	Cornerback	DeJeCo99	Cooper DeJean	70	100	70
PHI	Philadelphia Eagles	Cornerback	MitcQu99	Quinyon Mitchell	70	100	70
PHI	Philadelphia Eagles	Cornerback	WoolTa99	Riq Woolen	70	100	70
PHI	Philadelphia Eagles	Cornerback	CartMi99	Michael Carter II	6	9	6
PHI	Philadelphia Eagles	Cornerback	JoneJo98	Jonathan Jones	0	0	0
PHI	Philadelphia Eagles	Cornerback	McWiMa98	Mac McWilliams	0	0	0
PHI	Philadelphia Eagles	Cornerback	RingKe99	Kelee Ringo	0	0	0
PHI	Philadelphia Eagles	Safety	MukuAn99	Andrew Mukuba	70	100	70
PHI	Philadelphia Eagles	Safety	EppsMa99	Marcus Epps	53	76	53
PIT	Pittsburgh Steelers	Quarterback	RodgAa00	Aaron Rodgers	67	100	67
PIT	Pittsburgh Steelers	Running Back	DowdDa00	Rico Dowdle	39	58	39
PIT	Pittsburgh Steelers	Running Back	WarrJa00	Jaylen Warren	25	37	25
PIT	Pittsburgh Steelers	Running Back	HeidEl00	Eli Heidenreich	3	4	3
PIT	Pittsburgh Steelers	Wide Receiver	MetcDK00	DK Metcalf	64	96	64
PIT	Pittsburgh Steelers	Wide Receiver	PittMi01	Michael Pittman Jr	59	88	59
PIT	Pittsburgh Steelers	Wide Receiver	WilsRo02	Roman Wilson	37	55	37
PIT	Pittsburgh Steelers	Wide Receiver	BernGe00	Germie Bernard	3	4	3
PIT	Pittsburgh Steelers	Wide Receiver	SkowBe00	Ben Skowronek	0	0	0
PIT	Pittsburgh Steelers	Wide Receiver	WetjKa00	Kaden Wetjen	0	0	0
PIT	Pittsburgh Steelers	Tight End	FreiPa00	Pat Freiermuth	49	73	49
PIT	Pittsburgh Steelers	Tight End	WashDa02	Darnell Washington	43	64	43
PIT	Pittsburgh Steelers	Tight End	NowaRi00	Riley Nowakowski	8	12	8
PIT	Pittsburgh Steelers	Tight End	TonyRo00	Robert Tonyan Jr	2	3	2
PIT	Pittsburgh Steelers	Defensive Tackle	BentKe98	Keeanu Benton	35	58	35
PIT	Pittsburgh Steelers	Defensive Tackle	HeywCa99	Cameron Heyward	32	53	32
PIT	Pittsburgh Steelers	Defensive Tackle	HarmDe99	Derrick Harmon	24	40	24
PIT	Pittsburgh Steelers	Defensive Tackle	BlacYa99	Yahya Black	18	30	18
PIT	Pittsburgh Steelers	Defensive Tackle	JoseSe99	Sebastian Joseph-Day	18	30	18
PIT	Pittsburgh Steelers	Defensive End	HighAl98	Alex Highsmith	41	68	41
PIT	Pittsburgh Steelers	Defensive End	HerbNi99	Nick Herbig	39	65	39
PIT	Pittsburgh Steelers	Defensive End	WattTJ99	T.J. Watt	38	63	38
PIT	Pittsburgh Steelers	Defensive End	SawyJa99	Jack Sawyer	23	38	23
PIT	Pittsburgh Steelers	Linebacker	QueePa99	Patrick Queen	60	100	60
PIT	Pittsburgh Steelers	Linebacker	WilsPa99	Payton Wilson	57	95	57
PIT	Pittsburgh Steelers	Linebacker	HolcCo99	Cole Holcomb	3	5	3
PIT	Pittsburgh Steelers	Linebacker	BrueCa99	Carson Bruener	0	0	0
PIT	Pittsburgh Steelers	Linebacker	KuntCh99	Christian Kuntz	0	0	0
PIT	Pittsburgh Steelers	Cornerback	RamsJa99	Jalen Ramsey	60	100	60
PIT	Pittsburgh Steelers	Cornerback	SamuAs98	Asante Samuel Jr	60	100	60
PIT	Pittsburgh Steelers	Cornerback	DeanJa99	Jamel Dean	59	98	59
PIT	Pittsburgh Steelers	Cornerback	EverDa99	Daylen Everette	1	2	1
PIT	Pittsburgh Steelers	Cornerback	EchoBr99	Brandin Echols	0	0	0
PIT	Pittsburgh Steelers	Cornerback	SlauDo99	Doneiko Slaughter	0	0	0
PIT	Pittsburgh Steelers	Safety	BrisJa99	Jaquan Brisker	60	100	60
PIT	Pittsburgh Steelers	Safety	JenkRa99	Rayshawn Jenkins	31	52	31
PIT	Pittsburgh Steelers	Safety	SpeaRo99	Robert Spears-Jennings	0	0	0
SF	San Francisco 49ers	Quarterback	PurdBr00	Brock Purdy	65	100	65
SF	San Francisco 49ers	Running Back	McCaCh00	Christian McCaffrey	36	55	36
SF	San Francisco 49ers	Running Back	JuszKy00	Kyle Juszczyk	33	51	33
SF	San Francisco 49ers	Running Back	BlacKa00	Kaelon Black	28	43	28
SF	San Francisco 49ers	Wide Receiver	EvanMi00	Mike Evans	49	75	49
SF	San Francisco 49ers	Wide Receiver	RobiDe01	Demarcus Robinson	41	63	41
SF	San Francisco 49ers	Wide Receiver	SamuDe00	Deebo Samuel Sr.	27	42	27
SF	San Francisco 49ers	Wide Receiver	StriDe00	De'Zhaun Stribling	21	32	21
SF	San Francisco 49ers	Wide Receiver	CowiJa00	Jacob Cowing	5	8	5
SF	San Francisco 49ers	Wide Receiver	HodgKh00	KhaDarel Hodge	1	2	1
SF	San Francisco 49ers	Tight End	FarrLu00	Luke Farrell	46	71	46
SF	San Francisco 49ers	Tight End	KittGe00	George Kittle	30	46	30
SF	San Francisco 49ers	Tight End	TongJa00	Jake Tonges	8	12	8
SF	San Francisco 49ers	Defensive Tackle	OdigOs99	Osa Odighizuwa	36	59	36
SF	San Francisco 49ers	Defensive Tackle	HaltGr99	Gracen Halton	31	51	31
SF	San Francisco 49ers	Defensive Tackle	WestCJ99	CJ West	23	38	23
SF	San Francisco 49ers	Defensive Tackle	ThomJa96	James Thompson Jr.	21	34	21
SF	San Francisco 49ers	Defensive End	BosaNi99	Nick Bosa	36	59	36
SF	San Francisco 49ers	Defensive End	HeigRo99	Romello Height	30	49	30
SF	San Francisco 49ers	Defensive End	WhitKe97	Keion White	30	49	30
SF	San Francisco 49ers	Defensive End	KareKh99	Khalid Kareem	19	31	19
SF	San Francisco 49ers	Defensive End	OkorOg99	Ogbo Okoronkwo	18	30	18
SF	San Francisco 49ers	Linebacker	WarnFr99	Fred Warner	53	87	53
SF	San Francisco 49ers	Linebacker	GreeDr99	Dre Greenlaw	40	66	40
SF	San Francisco 49ers	Linebacker	DuggJa99	Jaden Dugger	34	56	34
SF	San Francisco 49ers	Linebacker	wallga99	Garret Wallow	13	21	13
SF	San Francisco 49ers	Linebacker	GiffLu99	Luke Gifford	0	0	0
SF	San Francisco 49ers	Cornerback	GreeRe99	Renardo Green	61	100	61
SF	San Francisco 49ers	Cornerback	LenoDe99	Deommodore Lenoir	61	100	61
SF	San Francisco 49ers	Cornerback	StouUp99	Upton Stout	36	59	36
SF	San Francisco 49ers	Cornerback	JoneJa95	Jack Jones	8	13	8
SF	San Francisco 49ers	Cornerback	NealSi99	Siran Neal	0	0	0
SF	San Francisco 49ers	Safety	SiglMa99	Marques Sigle	61	100	61
SF	San Francisco 49ers	Safety	BrowJi98	Ji'Ayir Brown	55	90	55
SF	San Francisco 49ers	Safety	MustMa99	Malik Mustapha	6	10	6
SF	San Francisco 49ers	Safety	DaviAs99	Ashtyn Davis	0	0	0
SEA	Seattle Seahawks	Quarterback	LockDr00	Drew Lock	45	90	45
SEA	Seattle Seahawks	Quarterback	DarnSa00	Sam Darnold	5	10	5
SEA	Seattle Seahawks	Running Back	PricJa00	Jadarian Price	24	48	24
SEA	Seattle Seahawks	Running Back	HolaGe01	George Holani	23	46	23
SEA	Seattle Seahawks	Running Back	RussBr00	Brady Russell	17	34	17
SEA	Seattle Seahawks	Running Back	WilsEm00	Emanuel Wilson	3	6	3
SEA	Seattle Seahawks	Running Back	JoneVe00	Velus Jones Jr	0	0	0
SEA	Seattle Seahawks	Wide Receiver	SmitJa02	Jaxon Smith-Njigba	45	90	45
SEA	Seattle Seahawks	Wide Receiver	KuppCo00	Cooper Kupp	39	78	39
SEA	Seattle Seahawks	Wide Receiver	ShahRa00	Rashid Shaheed	33	66	33
SEA	Seattle Seahawks	Wide Receiver	FostMo00	Montorie Foster Jr.	0	0	0
SEA	Seattle Seahawks	Tight End	BarnAJ00	AJ Barner	44	88	44
SEA	Seattle Seahawks	Tight End	ArroEl00	Elijah Arroyo	11	22	11
SEA	Seattle Seahawks	Tight End	SaubEr00	Eric Saubert	10	20	10
SEA	Seattle Seahawks	Defensive Tackle	MurpBy98	Byron Murphy II	50	70	50
SEA	Seattle Seahawks	Defensive Tackle	WillLe97	Leonard Williams	49	69	49
SEA	Seattle Seahawks	Defensive Tackle	ReedJa98	Jarran Reed	34	48	34
SEA	Seattle Seahawks	Defensive Tackle	MillRy99	Rylie Mills	16	23	16
SEA	Seattle Seahawks	Defensive End	HallDe96	Derick Hall	44	62	44
SEA	Seattle Seahawks	Defensive End	LawrDe99	DeMarcus Lawrence	42	59	42
SEA	Seattle Seahawks	Defensive End	NwosUc99	Uchenna Nwosu	33	46	33
SEA	Seattle Seahawks	Defensive End	FowlDa99	Dante Fowler Jr	16	23	16
SEA	Seattle Seahawks	Defensive End	PiliBr99	Brandon Pili	6	8	6
SEA	Seattle Seahawks	Linebacker	JoneEr99	Ernest Jones IV	71	100	71
SEA	Seattle Seahawks	Linebacker	ThomDr99	Drake Thomas	71	100	71
SEA	Seattle Seahawks	Linebacker	KnigTy99	Tyrice Knight	14	20	14
SEA	Seattle Seahawks	Linebacker	OConPa98	Patrick O'Connell	1	1	1
SEA	Seattle Seahawks	Linebacker	OTooCo99	Connor O'Toole	0	0	0
SEA	Seattle Seahawks	Linebacker	SurrCh99	Chazz Surratt	0	0	0
SEA	Seattle Seahawks	Cornerback	JobeJo99	Josh Jobe	70	99	70
SEA	Seattle Seahawks	Cornerback	WithDe99	Devon Witherspoon	70	99	70
SEA	Seattle Seahawks	Cornerback	PritNe99	Nehemiah Pritchett	53	75	53
SEA	Seattle Seahawks	Cornerback	NealJu99	Julian Neal	0	0	0
SEA	Seattle Seahawks	Cornerback	SmitAv99	Avery Smith	0	0	0
SEA	Seattle Seahawks	Safety	LoveJu99	Julian Love	71	100	71
SEA	Seattle Seahawks	Safety	ThomRo96	Rodney Thomas II	70	99	70
TB	Tampa Bay Buccaneers	Quarterback	MayfBa00	Baker Mayfield	57	100	57
TB	Tampa Bay Buccaneers	Running Back	IrviBu00	Bucky Irving	35	61	35
TB	Tampa Bay Buccaneers	Running Back	GainKe00	Kenny Gainwell	26	46	26
TB	Tampa Bay Buccaneers	Running Back	WillJo06	Josh Williams	0	0	0
TB	Tampa Bay Buccaneers	Wide Receiver	EgbuEm00	Emeka Egbuka	49	86	49
TB	Tampa Bay Buccaneers	Wide Receiver	GodwCh00	Chris Godwin Jr.	49	86	49
TB	Tampa Bay Buccaneers	Wide Receiver	HursTe00	Ted Hurst III	43	75	43
TB	Tampa Bay Buccaneers	Wide Receiver	JohnTe01	Tez Johnson	13	23	13
TB	Tampa Bay Buccaneers	Wide Receiver	JohnKa00	Kameron Johnson	5	9	5
TB	Tampa Bay Buccaneers	Tight End	OttoCa00	Cade Otton	56	98	56
TB	Tampa Bay Buccaneers	Tight End	DurhPa00	Payne Durham	7	12	7
TB	Tampa Bay Buccaneers	Tight End	KiefKo00	Ko Kieft	1	2	1
TB	Tampa Bay Buccaneers	Tight End	SharBa00	Bauer Sharp	1	2	1
TB	Tampa Bay Buccaneers	Defensive Tackle	VeaxVi99	Vita Vea	44	69	44
TB	Tampa Bay Buccaneers	Defensive Tackle	KancCa99	Calijah Kancey	40	63	40
TB	Tampa Bay Buccaneers	Defensive Tackle	RobiAS99	A&apos;Shawn Robinson	32	50	32
TB	Tampa Bay Buccaneers	Defensive Tackle	NuneRa99	Rakeem NuÃ±ez-Roches	16	25	16
TB	Tampa Bay Buccaneers	Defensive Tackle	RobeEl98	Elijah Roberts	16	25	16
TB	Tampa Bay Buccaneers	Defensive End	BainRu99	Rueben Bain Jr.	41	64	41
TB	Tampa Bay Buccaneers	Defensive End	DiabYa99	Yaya Diaby	40	63	40
TB	Tampa Bay Buccaneers	Defensive End	MuhaAl99	Al-Quadin Muhammad	26	41	26
TB	Tampa Bay Buccaneers	Defensive End	NelsAn99	Anthony Nelson	23	36	23
TB	Tampa Bay Buccaneers	Defensive End	WalkDa97	David Walker	0	0	0
TB	Tampa Bay Buccaneers	Linebacker	AnzaAl99	Alex Anzalone	64	100	64
TB	Tampa Bay Buccaneers	Linebacker	trotJo99	Josiah Trotter	58	91	58
TB	Tampa Bay Buccaneers	Linebacker	DennSi99	SirVocea Dennis	5	8	5
TB	Tampa Bay Buccaneers	Cornerback	McCoZy99	Zyon McCollum	63	98	63
TB	Tampa Bay Buccaneers	Cornerback	ScotKe97	Keionte Scott	47	73	47
TB	Tampa Bay Buccaneers	Cornerback	MorrBe99	Benjamin Morrison	43	67	43
TB	Tampa Bay Buccaneers	Cornerback	ParrJa99	Jacob Parrish	20	31	20
TB	Tampa Bay Buccaneers	Cornerback	KnowKe99	Kevin Knowles	0	0	0
TB	Tampa Bay Buccaneers	Safety	SmitTy96	Tykee Smith	62	97	62
TB	Tampa Bay Buccaneers	Safety	WinfAn98	Antoine Winfield Jr	62	97	62
TB	Tampa Bay Buccaneers	Safety	KillMi99	Miles Killebrew	2	3	2
TB	Tampa Bay Buccaneers	Safety	MeliIf99	Ifeatu Melifonwu	0	0	0
TEN	Tennessee Titans	Quarterback	WardCa00	Cam Ward	50	100	50
TEN	Tennessee Titans	Running Back	PollTo01	Tony Pollard	26	52	26
TEN	Tennessee Titans	Running Back	SpeaTy00	Tyjae Spears	25	50	25
TEN	Tennessee Titans	Running Back	ChesJu00	Julius Chestnut	0	0	0
TEN	Tennessee Titans	Wide Receiver	TateCa00	Carnell Tate	44	88	44
TEN	Tennessee Titans	Wide Receiver	RobiWa00	Wan&apos;Dale Robinson	41	82	41
TEN	Tennessee Titans	Wide Receiver	RidlCa00	Calvin Ridley	32	64	32
TEN	Tennessee Titans	Wide Receiver	AyomEl00	Elic Ayomanor	26	52	26
TEN	Tennessee Titans	Wide Receiver	DikeCh00	Chimere Dike	4	8	4
TEN	Tennessee Titans	Tight End	HelmGu00	Gunnar Helm	38	76	38
TEN	Tennessee Titans	Tight End	BellDa03	Daniel Bellinger	14	28	14
TEN	Tennessee Titans	Tight End	GranKy00	Kylen Granson	0	0	0
TEN	Tennessee Titans	Tight End	MartDa01	David Martin-Robinson	0	0	0
TEN	Tennessee Titans	Defensive Tackle	SimmJe99	Jeffery Simmons	50	75	50
TEN	Tennessee Titans	Defensive Tackle	FranJo99	John Franklin-Myers	40	60	40
TEN	Tennessee Titans	Defensive Tackle	StacNa99	Nazir Stackhouse	26	39	26
TEN	Tennessee Titans	Defensive Tackle	ElliJo99	Jordan Elliott	21	31	21
TEN	Tennessee Titans	Defensive Tackle	ThomSo99	Solomon Thomas	20	30	20
TEN	Tennessee Titans	Defensive End	JohnJe98	Jermaine Johnson II	41	61	41
TEN	Tennessee Titans	Defensive End	MartJa98	Jacob Martin	30	45	30
TEN	Tennessee Titans	Defensive End	OladOl99	Oluwafemi Oladejo	21	31	21
TEN	Tennessee Titans	Defensive End	FaulKe99	Keldric Faulk	19	28	19
TEN	Tennessee Titans	Defensive End	JoneTr98	Truman Jones	3	4	3
TEN	Tennessee Titans	Linebacker	HillAn99	Anthony Hill Jr.	67	100	67
TEN	Tennessee Titans	Linebacker	BartCo99	Cody Barton	65	97	65
TEN	Tennessee Titans	Linebacker	WillJa90	James Williams Sr.	28	42	28
TEN	Tennessee Titans	Linebacker	DiabMo98	Mohamoud Diabate	0	0	0
TEN	Tennessee Titans	Cornerback	TaylAl99	Alontae Taylor	67	100	67
TEN	Tennessee Titans	Cornerback	FlotCo99	Cor'Dale Flott	66	99	66
TEN	Tennessee Titans	Cornerback	HarrMa94	Marcus Harris	36	54	36
TEN	Tennessee Titans	Cornerback	WillJo91	Joshua Williams	0	0	
TEN	Tennessee Titans	Cornerback	HallEr99	Erick Hallett II	0	0	0
TEN	Tennessee Titans	Cornerback	RobiMi99	Micah Robinson	0	0	0
TEN	Tennessee Titans	Safety	WinsKe99	Kevin Winston Jr.	67	100	67
TEN	Tennessee Titans	Safety	HookAm99	Amani Hooker	65	97	65
TEN	Tennessee Titans	Safety	AdamTo99	Tony Adams	4	6	4
TEN	Tennessee Titans	Safety	BurgTe99	Terrell Burgess	0	0	0
WAS	Washington Commanders	Quarterback	DaniJa00	Jayden Daniels	70	100	70
WAS	Washington Commanders	Running Back	CrosJa00	Jacory Croskey-Merritt	34	49	34
WAS	Washington Commanders	Running Back	WhitRa00	Rachaad White	29	41	29
WAS	Washington Commanders	Running Back	AlleKa01	Kaytron Allen	7	10	7
WAS	Washington Commanders	Wide Receiver	McLaTe00	Terry McLaurin	61	87	61
WAS	Washington Commanders	Wide Receiver	DiggSt00	Stefon Diggs	44	63	44
WAS	Washington Commanders	Wide Receiver	BrowDy00	Dyami Brown	37	53	37
WAS	Washington Commanders	Wide Receiver	WillAn02	Antonio Williams	26	37	26
WAS	Washington Commanders	Wide Receiver	LaneJa00	Jaylin Lane	18	26	18
WAS	Washington Commanders	Tight End	OkonCh00	Chig Okonkwo	39	56	39
WAS	Washington Commanders	Tight End	BateJo00	John Bates	34	49	34
WAS	Washington Commanders	Tight End	SinnBe00	Ben Sinnott	18	26	18
WAS	Washington Commanders	Tight End	YankCo00	Colson Yankoff	2	3	2
WAS	Washington Commanders	Defensive Tackle	PaynDa99	Daron Payne	34	62	34
WAS	Washington Commanders	Defensive Tackle	KinlJa99	Javon Kinlaw	32	58	32
WAS	Washington Commanders	Defensive Tackle	SettTi99	Tim Settle	19	35	19
WAS	Washington Commanders	Defensive Tackle	TuttSh99	Shy Tuttle	16	29	16
WAS	Washington Commanders	Defensive End	OwehJa99	Odafe Oweh	46	84	46
WAS	Washington Commanders	Defensive End	ChaiKL99	K&apos;Lavon Chaisson	42	76	42
WAS	Washington Commanders	Defensive End	OmenCh99	Charles Omenihu	29	53	29
WAS	Washington Commanders	Defensive End	JoseJo97	Joshua Josephs	13	24	13
WAS	Washington Commanders	Defensive End	JeanJa99	Javontae Jean-Baptiste	9	16	9
WAS	Washington Commanders	Linebacker	StylSo99	Sonny Styles	48	87	48
WAS	Washington Commanders	Linebacker	LuvuFr99	Frankie Luvu	29	53	29
WAS	Washington Commanders	Linebacker	ChenLe99	Leo Chenal	23	42	23
WAS	Washington Commanders	Linebacker	MageJo99	Jordan Magee	9	16	9
WAS	Washington Commanders	Linebacker	MedrKa99	Kain Medrano	0	0	0
WAS	Washington Commanders	Cornerback	RobeAm99	Amik Robertson	55	100	55
WAS	Washington Commanders	Cornerback	SainMi99	Mike Sainristil	54	98	54
WAS	Washington Commanders	Cornerback	DougRa99	Rasul Douglas	17	31	17
WAS	Washington Commanders	Cornerback	MoreFa99	Fabian Moreau	0	0	0
WAS	Washington Commanders	Safety	ReavJe99	Jeremy Reaves	55	100	55
WAS	Washington Commanders	Safety	CrosNi99	Nick Cross	54	98	54
WAS	Washington Commanders	Safety	MartJa97	Quan Martin	21	38	21
WAS	Washington Commanders	Safety	ButlPe99	Percy Butler	0	0	0
WAS	Washington Commanders	Safety	OwenTy99	Tyler Owens	0	0	0
